"Txhash","Blockno","UnixTimestamp","DateTime","From","To","ContractAddress","Value_IN(ETH)","Value_OUT(ETH)","CurrentValue @ $1903.36/Eth","TxnFee(ETH)","TxnFee(USD)","Historical $Price/Eth","ErrCode","Status","Method","Empty"
"0x6e92cae8d5867c96978f398b53eaab4471ba060de69144fd802b1b749bfafe84","14310238","1646259606","2022-03-02 22:20:06","0x1c11be636415973520dddf1b03822b4e2930d94a","","0xf8583f22c2f6f8cd27f62879a0fb4319bce262a6","0","0","0","0.078902915","150.1806522944","2948.63","","","0x61016060",""
"0x70ecbc0dee20550ad57045f952bef6e7f14759a87ca3d9cdc7bd7d4ae2432c8c","14340661","1646668876","2022-03-07 16:01:16","0xca1af846c9194e82561dd9a93ffc9a9c851b3b1c","0xf8583f22c2f6f8cd27f62879a0fb4319bce262a6","","0","0","0","0.014748366677919245","28.0714512000844","2496.67","","","Execute",""
"0x99a1f940f88ec1d4f93894d85074a612b8393f85511bd1e93bd94a60d1460105","14340661","1646668876","2022-03-07 16:01:16","0x5584cf54ade7c81ab6d6bc870c714f87fc0a7721","0xf8583f22c2f6f8cd27f62879a0fb4319bce262a6","","0","0","0","0.01360377268383744","25.8928767755088","2496.67","","","Execute",""
"0x7ad79b07d1cc7bf6a09b06600d1386779d2bd4dd4be45331dfaa7449342623c4","14340662","1646668889","2022-03-07 16:01:29","0x5a756d9c7caa740e0342f755fa8ad32e6f83726b","0xf8583f22c2f6f8cd27f62879a0fb4319bce262a6","","0","0","0","0.013299616849240128","25.3139587261697","2496.67","","","Execute",""
"0xa75c6515c4f08e19102568d660a062be78d50ef3cf2125d4dbb73d98362b2011","14340665","1646668921","2022-03-07 16:02:01","0x82bbf2b4dc52d24cbe0cbb6540bd4d4ceb2870b7","0xf8583f22c2f6f8cd27f62879a0fb4319bce262a6","","0","0","0","0.0137716372525056","26.2123834809291","2496.67","","","Execute",""
"0x018af81512ea224c0a57c5ba5b7311b1960825514d51e648b6b27d08040a3e37","14340666","1646668960","2022-03-07 16:02:40","0xc4676e5e99b823e54b3e6c32c8143bb441633eea","0xf8583f22c2f6f8cd27f62879a0fb4319bce262a6","","0","0","0","0.015662245712430324","29.8108919992114","2496.67","","","Execute",""
"0x88df91eeff0769106cccc677d01d0c5f66dd993cccc486017ee851d57e23b684","14340666","1646668960","2022-03-07 16:02:40","0x236884bb674067c96fcbcc5dff728141e05be99d","0xf8583f22c2f6f8cd27f62879a0fb4319bce262a6","","0","0","0","0.015662825301880512","29.8119951665873","2496.67","","","Execute",""
"0xe2d20461b106f4b858940c2bc6ed9c1b7f5874555fabab0c80da3b7cab1f3def","14340667","1646669016","2022-03-07 16:03:36","0xe400820f3d60d77a3ec8018d44366ed0d334f93c","0xf8583f22c2f6f8cd27f62879a0fb4319bce262a6","","0","0","0","0.014700439493399688","27.9802285141572","2496.67","","","Execute",""
"0xd91874ca5a912f31959ef3427ed3cdfb75d44e08551beee09665db4178bdf993","14340667","1646669016","2022-03-07 16:03:36","0x543298794e7e195c8628f65d16fb7fcf7d096cb0","0xf8583f22c2f6f8cd27f62879a0fb4319bce262a6","","0","0","0","0.014700983490716544","27.9812639368902","2496.67","","","Execute",""
"0x5fd63f5fa1dfd5932fa80f0ada46f2196376feaa734efbd584ba84ea633e6ea9","14340668","1646669027","2022-03-07 16:03:47","0x7d51910845011b41cc32806644da478feff2f11f","0xf8583f22c2f6f8cd27f62879a0fb4319bce262a6","","0","0","0","0.016476649601835","31.3609957861487","2496.67","","","Execute",""
"0x15d648784fd86f8d258dd6212d4ae11854949151565aae4940dacb7f45320305","14340668","1646669027","2022-03-07 16:03:47","0x6a04941de896e4215eeb8e6eb1b72ad2904d2402","0xf8583f22c2f6f8cd27f62879a0fb4319bce262a6","","0","0","0","0.016476649601835","31.3609957861487","2496.67","","","Execute",""
"0xb3ca93f3cf2287a68a0945196f4a7d3c7d337ea844d6c3d90b64be6064927f77","14340670","1646669031","2022-03-07 16:03:51","0xbbf6507bcab4128ab99aa89b3ee750880ff5d56b","0xf8583f22c2f6f8cd27f62879a0fb4319bce262a6","","0","0","0","0.015256499263170048","29.0386104375473","2496.67","","","Execute",""
"0x346bfede5b3b9fdc4bd69ffc0af894cb7135f41aa9d0b673d77a737f3cdb20e6","14340675","1646669061","2022-03-07 16:04:21","0xdd4a19dc351ba42421db282196af38b433aa86ba","0xf8583f22c2f6f8cd27f62879a0fb4319bce262a6","","0","0","0","0.012242170331664192","23.3012573224764","2496.67","","","Execute",""
"0xb9fb49f8f2bc4e7b00bac7da10422b2fd300ee7164c33778e6c5a1921ecfb90f","14340676","1646669071","2022-03-07 16:04:31","0xf977bf5f5ccb1bfd868bd95d563294494f0d5d89","0xf8583f22c2f6f8cd27f62879a0fb4319bce262a6","","0","0","0","0.012229916336157312","23.2779335575884","2496.67","","","Execute",""
"0x7258e9e80a49b83e23a4a7c608e3692e9251600d25ca51a8229e809db4464ac0","14340676","1646669071","2022-03-07 16:04:31","0xe1d1c5f48f708aa038aa6a9976308cd1d19d951a","0xf8583f22c2f6f8cd27f62879a0fb4319bce262a6","","0","0","0","0.012229916336157312","23.2779335575884","2496.67","","","Execute",""
"0x76ce752d9cf99070eeef6de0a8b89fa95070b1118434364e4bc9f9f94629b8fe","14340680","1646669151","2022-03-07 16:05:51","0xfb28bb6cfcf19cb8784472226ccd13f2e5224000","0xf8583f22c2f6f8cd27f62879a0fb4319bce262a6","","0","0","0","0.025002909489006144","47.5895378049947","2496.67","","","Execute",""
"0x53add13d01ca841bc2330a8651ff05b3938beba9346d7e495fd8a1f141b30521","14340684","1646669207","2022-03-07 16:06:47","0xeeec0e4927704ab3bbe5df7f4effa818b43665a3","0xf8583f22c2f6f8cd27f62879a0fb4319bce262a6","","0","0","0","0.01211602786801344","23.0611628028621","2496.67","","","Execute",""
"0x742c163e4a7a86983e73ea9c252636b9f9a9a51aaca82a242cfecfcf5123f86b","14340686","1646669244","2022-03-07 16:07:24","0x9497243478392b1f7f508874f606379f989c6eea","0xf8583f22c2f6f8cd27f62879a0fb4319bce262a6","","0","0","0","0.013038869521089792","24.8176626916615","2496.67","","","Execute",""
"0x6c30bae942465a1ed7d992dfd025a04997aff7372e30bea7d386dfb462a24fd4","14340686","1646669244","2022-03-07 16:07:24","0x05ac3d28434804ec02ed9472490fc42d7e9e646d","0xf8583f22c2f6f8cd27f62879a0fb4319bce262a6","","0","0","0","0.013038869521089792","24.8176626916615","2496.67","","","Execute",""
"0xd0575f271b16f67ad504accc31bbd967137dbaf649e48347fd4eb4e3620e8b57","14340687","1646669260","2022-03-07 16:07:40","0x61d9e931a72c9fb3eb9731dcc5a30f1f6c3ab63f","0xf8583f22c2f6f8cd27f62879a0fb4319bce262a6","","0","0","0","0.012984267910128192","24.7137361694216","2496.67","","","Execute",""
"0x489b80a1dbbffc49a7e2e72886e4f29a4d689f359f9b5c4ec9d216dce7cc8731","14340700","1646669395","2022-03-07 16:09:55","0x03894d4ac41dd6c4c2f524ed4417c90fa46972c6","0xf8583f22c2f6f8cd27f62879a0fb4319bce262a6","","0","0","0","0.009871976897334144","18.7899259473099","2496.67","","","Execute",""
"0x13e5e3edc3b84b781d125d1b6389508457b0a7d6b0b8f8da331bb2d4f6b2849a","14340703","1646669430","2022-03-07 16:10:30","0xab7b49bacd43bd4cfa41433d477f690bb9e1fb26","0xf8583f22c2f6f8cd27f62879a0fb4319bce262a6","","0","0","0","0.010418386930139136","19.8299409473496","2496.67","","","Execute",""
"0xb27f7cd66a10519fd2d4a51a257b034e0994de350a775e167186dc95c3d8d4bc","14340704","1646669460","2022-03-07 16:11:00","0xd43ca531907f8c8dbb3272cc2ef321cc572e56e3","0xf8583f22c2f6f8cd27f62879a0fb4319bce262a6","","0","0","0","0.011720653948257984","22.3086238989563","2496.67","","","Execute",""
"0xda4c5eb56a7c47caa6fd9ea25152e89bd6106bbb2d2ad6b425e32ed6b924aef4","14340752","1646670024","2022-03-07 16:20:24","0x8b600c7ef1d97225860a7996b63c5b8b116182d5","0xf8583f22c2f6f8cd27f62879a0fb4319bce262a6","","0","0","0","0.008589571050985344","16.3490459556035","2496.67","","","Execute",""
"0xdce51d9155c4c80bb9989c93760c824227217a6ecf29dcbb26b6ba1a00bc4dfb","14340760","1646670116","2022-03-07 16:21:56","0x40db5c12aa263660a6188a8e16fcdf9c5235e5bf","0xf8583f22c2f6f8cd27f62879a0fb4319bce262a6","","0","0","0","0.0081564725710215","15.5247036327795","2496.67","","","Execute",""
"0xdf23acf59c9034ea7a8e4757cbbd67886b72824ba9a1637e45709ac415ce57ac","14340779","1646670385","2022-03-07 16:26:25","0x01ebce016681d076667bdb823ebe1f76830da6fa","0xf8583f22c2f6f8cd27f62879a0fb4319bce262a6","","0","0","0","0.009349458709169664","17.7953857286852","2496.67","","","Execute",""
"0x60bb617763662416da29837f47eabb410cf72721214ff8e8f4ec36d436e94c5f","14340800","1646670599","2022-03-07 16:29:59","0xb98cc80fd75333dc20a9d122d98b5638aaf4ffc3","0xf8583f22c2f6f8cd27f62879a0fb4319bce262a6","","0","0","0","0.0087700425624456","16.6925482116565","2496.67","","","Execute",""
"0x20d866f50f78b17650ce99e5489e682e0bc04dbc0d58dd126fc01a7ae26d4b60","14340933","1646672241","2022-03-07 16:57:21","0xc2ac36c669fbf04dd2e1a2ed9ce5ccc442977305","0xf8583f22c2f6f8cd27f62879a0fb4319bce262a6","","0","0","0","0.009095243408580672","17.3115224941561","2496.67","","","Execute",""
"0xdf5bb9e7c0264dc9796a4a8efa253e21cc2ce8f0c9b70c32394232076fb69d19","14340944","1646672375","2022-03-07 16:59:35","0x4953b5f3980f0fe8584f84c9a1ad93013ebe29c6","0xf8583f22c2f6f8cd27f62879a0fb4319bce262a6","","0","0","0","0.009656520776744256","18.3798353856239","2496.67","","","Execute",""
"0x3a1594982a45acdcbf41e1b90cf9a547ada0a99c90f71c0b13cdc6c291438399","14341062","1646674089","2022-03-07 17:28:09","0xb26d1fe1328172b38708d7f334dd385b6d6fb4aa","0xf8583f22c2f6f8cd27f62879a0fb4319bce262a6","","0","0","0","0.019120542239465472","36.393275276909","2496.67","","","Execute",""
"0xe7278c86779dfe1fcbc76fc5da97eabd973d0b753b444b27be58f73b8032e14e","14341634","1646681496","2022-03-07 19:31:36","0xee15f56c09dd300dc039de1901bccca32a23a253","0xf8583f22c2f6f8cd27f62879a0fb4319bce262a6","","0","0","0","0.0092601425148408","17.6253848570474","2496.67","","","Execute",""
"0xa23d32d54d409e8f9888319e48bac33ed04c852d128dfa4c90e2c523156e3f98","14341805","1646684125","2022-03-07 20:15:25","0x605d50f68e737ebf7f6054d6f7860010fc80971f","0xf8583f22c2f6f8cd27f62879a0fb4319bce262a6","","0","0","0","0.022745755609152192","43.2933613962359","2496.67","","","Execute",""
"0xa3b5949225f03f701dd011c374d99607f786eb6c182a57107e3d35c8a3430370","14343253","1646703416","2022-03-08 01:36:56","0x49eb81cc817cd5a1e8df590f43d5a0a0f432251a","0xf8583f22c2f6f8cd27f62879a0fb4319bce262a6","","0","0","0","0.013537567131619968","25.7668637756402","2579.18","","","Execute",""
"0x281fa4337d7104084c6101e76bc7befcbb4440ef32615cba736f73325759a016","14343451","1646705849","2022-03-08 02:17:29","0x641f2f8cd5fb6cb50a49c22247b065cd893a1fc7","0xf8583f22c2f6f8cd27f62879a0fb4319bce262a6","","0","0","0","0.009498469844215296","18.0790075626856","2579.18","","","Execute",""
"0x73715e932dd9232bdd8ab9a0412c6d7594484c53ca0cae915360bd2384a47509","14343531","1646706827","2022-03-08 02:33:47","0x5a641c6fd5a473395355816ebc757b067ccaabe5","0xf8583f22c2f6f8cd27f62879a0fb4319bce262a6","","0","0","0","0.00850537900372644","16.1887981805328","2579.18","","","Execute",""
"0x6fc7b53a26f35f67b3e77cdde24f41288ece7b7ac4203e5f76f09797edaa4840","14343550","1646707081","2022-03-08 02:38:01","0x27b0fc6c4a5a0cf213a570097279a5bde61214d2","0xf8583f22c2f6f8cd27f62879a0fb4319bce262a6","","0","0","0","0.01308966830974425","24.9143510740348","2579.18","Error(0)","Out of gas","Execute",""
"0x66ad4a8754dfee84578215ea36dc0e9a735fbdd82dfd3388df74bb6f1cfe0d90","14343616","1646708011","2022-03-08 02:53:31","0xcd5561b1be55c1fa4bba4749919a03219497b6ef","0xf8583f22c2f6f8cd27f62879a0fb4319bce262a6","","0","0","0","0.010836018496364544","20.6248441652404","2579.18","","","Execute",""
"0x6aa5b25c16c1367d1c99b50b7d9635d4c323bc6925ce6997036a45e2d26edb71","14343654","1646708608","2022-03-08 03:03:28","0xd8742073f4f44d0046916a9b62a955a36e0c0e5f","0xf8583f22c2f6f8cd27f62879a0fb4319bce262a6","","0","0","0","0.010424807965917696","19.8421624900091","2579.18","","","Execute",""
"0x5027f366f5fb7d22d6def0041132ec3dcd902d662fbbe782bce593c4d0e8ec40","14344146","1646714849","2022-03-08 04:47:29","0x111ce8d46cd445f5ab1ce3545d97b45071dfecc0","0xf8583f22c2f6f8cd27f62879a0fb4319bce262a6","","0","0","0","0.009640592392274496","18.3495179357596","2579.18","","","Execute",""
"0xeb6d6cd622ce835e1954e7225fe5a0710dfb9143e413eae0c06d744b1bac9a43","14344259","1646716425","2022-03-08 05:13:45","0x046f601cbcbfa162228897ac75c9b61daf5cee5f","0xf8583f22c2f6f8cd27f62879a0fb4319bce262a6","","0","0","0","0.008002703117286144","15.2320250053178","2579.18","","","Execute",""
"0xdee92e1e9e929eb103601abc9098e055f931465d4ea95d8d85d6cc0f10cd59bb","14344741","1646722757","2022-03-08 06:59:17","0x9cbddd3a8320583bfa7fa78c02a7f7226805f7ab","0xf8583f22c2f6f8cd27f62879a0fb4319bce262a6","","0","0","0","0.005906155233816","11.241539625836","2579.18","","","Execute",""
"0x5ee2cdd87474010cd3f255d2e809db50858c4dc14691cd9952d3faa4960aaf0d","14344973","1646725935","2022-03-08 07:52:15","0xc134041a85edbb3bd9cae36a32486454c1c6e134","0xf8583f22c2f6f8cd27f62879a0fb4319bce262a6","","0","0","0","0.00720799874327376","13.7194164879975","2579.18","","","Execute",""
"0xbb96364e883365f666b1495fe0e94cf84204a12d9a214ca5b0b6f32f897fe58b","14345003","1646726255","2022-03-08 07:57:35","0x520cc7572527711b8c50bcefe1d881f8ddb5fe8c","0xf8583f22c2f6f8cd27f62879a0fb4319bce262a6","","0","0","0","0.006777973016817588","12.9009227212899","2579.18","","","Execute",""
"0xe62f1f9fb4d588f4b48e5190a47e343b1a72d77a5278f966e674d130c4fda38b","14345183","1646728613","2022-03-08 08:36:53","0x19fde20744903805ba05e1522980ffff3545c1ec","0xf8583f22c2f6f8cd27f62879a0fb4319bce262a6","","0","0","0","0.005188416","9.87542347776","2579.18","","","Execute",""
"0x820fd6ebc69dc48df44e5b4aaa9b48ce6ec6f805d9c7cf7d64a824b486784d77","14345473","1646732613","2022-03-08 09:43:33","0xcfaf3e19dca4b4cb0fb1399abb7ec074abe39114","0xf8583f22c2f6f8cd27f62879a0fb4319bce262a6","","0","0","0","0.006144864583815624","11.6958894542513","2579.18","","","Execute",""
"0x720f6ba6c1b8145c058b29d5e9a944bd08a3b075af7a253602f0ba5f6b89a22c","14345550","1646733644","2022-03-08 10:00:44","0xc0555149b5a5d96ac016d3425b7986504190c3a0","0xf8583f22c2f6f8cd27f62879a0fb4319bce262a6","","0","0","0","0.005731777547172612","10.9096361121865","2579.18","","","Execute",""
"0xfc72e9e9522aa7563517204411905527bf41421cd3b93ff883ebf0533067bec3","14346189","1646742305","2022-03-08 12:25:05","0xa4bd35e96887170a2d484e894078a5cb1ab93a45","0xf8583f22c2f6f8cd27f62879a0fb4319bce262a6","","0","0","0","0.006472902231462816","12.3202631912771","2579.18","","","Execute",""
"0xf1fdec871f8d7cb2a46430882618e9b054b8c349a64de98efcc103f258f295f7","14348012","1646767403","2022-03-08 19:23:23","0x1efb3038de631cfce0c0a231952c6b90d5d9cfe5","0xf8583f22c2f6f8cd27f62879a0fb4319bce262a6","","0","0","0","0.015379567069421568","29.2728527772542","2579.18","","","Execute",""
"0x2f8ccebddd4f1a6a69b1b6c9a0f092663346971a63c4e83a6cd6f9d8a0c9e007","14348372","1646772151","2022-03-08 20:42:31","0x276651cf20ef719dd3fae29e75f63e1603507517","0xf8583f22c2f6f8cd27f62879a0fb4319bce262a6","","0","0","0","0.015546732411794688","29.5910286033135","2579.18","","","Execute",""
"0x80711839f9022e6ed5634d3d428c2db60dc5be3a1d1a65a1777bb5369789088c","14350016","1646794061","2022-03-09 02:47:41","0x8e1fd9d5eac794555594b9b9f700bc37da6aeab1","0xf8583f22c2f6f8cd27f62879a0fb4319bce262a6","","0","0","0","0.009225263960899584","17.5589984126178","2733.05","","","Execute",""
"0xbda3f360172dc1b66bd838df04a9436a9e5d89ddaa769fb45b2b42b462d5ba6b","14350562","1646801335","2022-03-09 04:48:55","0x9b818ad72e4b3cd03bcbe4848a44b274618c4cbe","0xf8583f22c2f6f8cd27f62879a0fb4319bce262a6","","0","0","0","0.013129379277023808","24.989935340716","2733.05","","","Execute",""
"0x840959dcc169a68687463c02a5ce3177aaf627f20eb504fc18ad93e591aaa62d","14352456","1646827567","2022-03-09 12:06:07","0xcb630c28658d8b4f0509d628d8d947e6f95ea20a","0xf8583f22c2f6f8cd27f62879a0fb4319bce262a6","","0","0","0","0.006978469187362752","13.2825391124588","2733.05","","","Execute",""
"0xaf27153e4809ee0152c7bfbeb188b42bfb1b7afe84cc0aecc6d5c038f479465e","14353324","1646838984","2022-03-09 15:16:24","0xc2a622b764878faf9ab9078ad31303b24fd4b707","0xf8583f22c2f6f8cd27f62879a0fb4319bce262a6","","0","0","0","0.010737161464186944","20.4366836444749","2733.05","","","Execute",""
"0x16b0846dae5aae721a24dbaea3743c2b123058db24e256d402da176dc0c9c597","14355473","1646867045","2022-03-09 23:04:05","0x644be8a25be30a21e2dffeae4fc43937fbcf3efd","0xf8583f22c2f6f8cd27f62879a0fb4319bce262a6","","0","0","0","0.00880707753027456","16.7630390880234","2733.05","","","Execute",""
"0x5902c64d77e769722c9c51edd62abad5cae920171271581751ad0ef4828117c4","14355946","1646873034","2022-03-10 00:43:54","0xee15f56c09dd300dc039de1901bccca32a23a253","0xf8583f22c2f6f8cd27f62879a0fb4319bce262a6","","0","0","0","0.0096486163790427","18.3647904712147","2608.64","","","Execute",""
"0x417841e9d02dae4fa4ddb4c1cc81983fcbd9395d5b51062822d83bfd4ca5a6ce","14355959","1646873281","2022-03-10 00:48:01","0xee15f56c09dd300dc039de1901bccca32a23a253","0xf8583f22c2f6f8cd27f62879a0fb4319bce262a6","","0","0","0","0.011488223717665272","21.8662254952554","2608.64","","","Execute",""
"0x1303998128a7b21b6b8895d139923d7c5e9aac1e342968f38337d312bf5ffc72","14357169","1646889820","2022-03-10 05:23:40","0x88888882bb6125af160999e91bca82b56e0b819b","0xf8583f22c2f6f8cd27f62879a0fb4319bce262a6","","0","0","0","0.00691225539090432","13.1565104208316","2608.64","","","Execute",""
"0x3ecb240c311d96036428da78c70e2c8dcf4bd2f09be518a9bac9b3617290479b","14357324","1646891741","2022-03-10 05:55:41","0x0aa3dceb1e65b8f7d3a58bed68054b1c81585002","0xf8583f22c2f6f8cd27f62879a0fb4319bce262a6","","0","0","0","0.00972864","18.5171042304","2608.64","","","Execute",""
"0xbae323cbd15e8ef73f4b1444a78336aa03d31c21cec639a5ce51903affffe0a8","14357445","1646893173","2022-03-10 06:19:33","0x987f05b5eeb8b30b02329d3888bebc3a7424e999","0xf8583f22c2f6f8cd27f62879a0fb4319bce262a6","","0","0","0","0.00668038411371168","12.7151759066743","2608.64","","","Execute",""
"0x0bb8b5e57732d259ba57cbbca0c83a0652a92f56ecd0a94018047a792dc95a57","14358631","1646908956","2022-03-10 10:42:36","0x7a86c44e1b41c6c37ff783e8f6b2f6c68ab251f4","0xf8583f22c2f6f8cd27f62879a0fb4319bce262a6","","0","0","0","0.006529329420110784","12.4276644450621","2608.64","","","Execute",""
"0xdf82a730c23397fb238a8244e4f166e1d695ee5a1857c3d18d057eeae9ca8d7f","14360058","1646928235","2022-03-10 16:03:55","0xde3258c1c45a557f4924d1e4e3d0a4e5341607ee","0xf8583f22c2f6f8cd27f62879a0fb4319bce262a6","","0","0","0","0.0081250343646078","15.4648654082199","2608.64","","","Execute",""
"0x183ee86135dbea2393b8b875a547c0ca03c8c2c706e293c98deb9df983b64831","14361774","1646950851","2022-03-10 22:20:51","0x1a918a8386f75f382e2a1b2e10b807c39728caf2","0xf8583f22c2f6f8cd27f62879a0fb4319bce262a6","","0","0","0","0.006312016143710904","12.0140390472936","2608.64","","","Execute",""
"0x1a8750071e8af2f66513118da2eb90b1b66eb303fe189d1b4a9e03f6e70a20be","14363689","1646976484","2022-03-11 05:28:04","0x60c42ecb80c2069eb7ac1ee18a84244c8617e8ab","0xf8583f22c2f6f8cd27f62879a0fb4319bce262a6","","0","0","0","0.008323230096405504","15.8421032362944","2557.57","","","Execute",""
"0x21ad612147cefb070c633bab59614c0c95c412719556e0630be86fe27c62bd6f","14363752","1646977359","2022-03-11 05:42:39","0x78b8a76bea31733777556033e2a116df66c4c41c","0xf8583f22c2f6f8cd27f62879a0fb4319bce262a6","","0","0","0","0.006929992235736318","13.1902700218111","2557.57","Error(0)","Out of gas","Execute",""
"0xd2368c48616f59950df9ba40d3ef78747ca3ebfb87fbf502b9bc2d2bd7446ae4","14363760","1646977459","2022-03-11 05:44:19","0x78b8a76bea31733777556033e2a116df66c4c41c","0xf8583f22c2f6f8cd27f62879a0fb4319bce262a6","","0","0","0","0.006846529962859776","13.0314112701088","2557.57","","","Execute",""
"0x703e8dac65950ab1b6920544eaedb8bd2b5fb92ab277ab2663612cd4db7111d9","14363798","1646977828","2022-03-11 05:50:28","0xdd32231c664f6e3456e81ec6c27c6f429c7dc3b3","0xf8583f22c2f6f8cd27f62879a0fb4319bce262a6","","0","0","0","0.005091788032967328","9.69150567042869","2557.57","","","Execute",""
"0x670f123738fc0afe602f08f50f42d7037adefc63ed99e07d45bf42f2316966bc","14365850","1647005869","2022-03-11 13:37:49","0x7ba080516dbabe9fafc1f7f548f60d27e6932c48","0xf8583f22c2f6f8cd27f62879a0fb4319bce262a6","","0","0","0","0.004715557951862172","8.97540438325638","2557.57","","","Execute",""
"0xa27447499ef95395ecc6498be82b3e6d012b906959927c19f510b5b6eb241dc9","14366352","1647012690","2022-03-11 15:31:30","0x040528e6ebdcbc6e37e3c78350de0a59aedce622","0xf8583f22c2f6f8cd27f62879a0fb4319bce262a6","","0","0","0","0.020105856","38.26868207616","2557.57","","","Execute",""
"0xf0605f21c796e6e3a3eb24e820f51244c556b3072c20116dbcea9c8aea8443c0","14367287","1647025609","2022-03-11 19:06:49","0x72770a19522acd2025b74dc130502f81a73f875c","0xf8583f22c2f6f8cd27f62879a0fb4319bce262a6","","0","0","0","0.00639152892965664","12.1653805035513","2557.57","","","Execute",""
"0xcf028f1293fb5c3f4b620f537a01edaab8406f77e9c73d40c5db3754dc9132ef","14368145","1647037502","2022-03-11 22:25:02","0x6f9bb7e454f5b3eb2310343f0e99269dc2bb8a1d","0xf8583f22c2f6f8cd27f62879a0fb4319bce262a6","","0","0","0","0.009208545957381888","17.5271780334424","2557.57","","","Execute",""
"0xbdbab2731be6d4cd87f49df99f2910788b0a082ce157d3f1c3bb7f6908281ac4","14369541","1647055666","2022-03-12 03:27:46","0x8fa1f8787bf4c3fc37b4dd48f472aef08c279e42","0xf8583f22c2f6f8cd27f62879a0fb4319bce262a6","","0","0","0","0.00496861864481088","9.45706998378724","2569.87","","","Execute",""
"0x61977d2973fbcbdbec7e46481003228c95cbed2010634b1e9dac62f6bce499e5","14369577","1647055994","2022-03-12 03:33:14","0xc887b3406424838ae65456860278a5e6e40fcb08","0xf8583f22c2f6f8cd27f62879a0fb4319bce262a6","","0","0","0","0.00447720092845932","8.52172515919233","2569.87","","","Execute",""
"0xf3df15e075b9f890648bc4231594c72a05e68dde5d10c5afe5b12ed92e6be95e","14370432","1647068391","2022-03-12 06:59:51","0x18bd2e8b69e48c5e6deae13682b1f78d1c260bf9","0xf8583f22c2f6f8cd27f62879a0fb4319bce262a6","","0","0","0","0.004215744","8.02407849984","2569.87","","","Execute",""
"0xdaf5b4c0d883f7cf4edb2fc25559b9469e3490913c5e5d62d432c687af2f35ed","14371142","1647077330","2022-03-12 09:28:50","0x70f9e695823a748d0f492c86be093c220a8d487a","0xf8583f22c2f6f8cd27f62879a0fb4319bce262a6","","0","0","0","0.003828011979378876","7.28608488107058","2569.87","","","Execute",""
"0xf485c2c6a4c8993ab233bc42517a010642708341f9bad2148f302378ddb4f86a","14371597","1647083615","2022-03-12 11:13:35","0x3524ff8d740a4f1be13f2cdd2f2345e54dc0c6b0","0xf8583f22c2f6f8cd27f62879a0fb4319bce262a6","","0","0","0","0.005307626363152896","10.1023237145707","2569.87","","","Execute",""
"0x4bc9bbc9681868779c3232642cd761d960c4068830c73fc1a93286a8afd87285","14371669","1647084550","2022-03-12 11:29:10","0x60ee0c8bb493b79286a54997322904f74fba3736","0xf8583f22c2f6f8cd27f62879a0fb4319bce262a6","","0","0","0","0.004714115711652852","8.97265928093157","2569.87","","","Execute",""
"0xca76b0f8818669f6cd2704d5987e60b83d8df57ebbb4e82732f805bce73cc725","14371947","1647088014","2022-03-12 12:26:54","0x9c27c3aa042a608f67d19bda36b099a062185a65","0xf8583f22c2f6f8cd27f62879a0fb4319bce262a6","","0","0","0","0.004453039143858816","8.47573658485512","2569.87","","","Execute",""
"0x9361fc1c64ba10e335c703d8674092664a7eedef8fc20777e2675b8666f4257e","14371959","1647088137","2022-03-12 12:28:57","0xabc42ca4eab3c98543c1c15ca89280888ba6109d","0xf8583f22c2f6f8cd27f62879a0fb4319bce262a6","","0","0","0","0.004053460957191528","7.71519544748007","2569.87","","","Execute",""
"0x8537792ede0234d0e52795de7fd732e9290b440d242bff19139f627f50d7cd99","14371965","1647088318","2022-03-12 12:31:58","0xc88d7dc8dfa23d3769f7e8241f761d09a10d9831","0xf8583f22c2f6f8cd27f62879a0fb4319bce262a6","","0","0","0","0.005489431481204736","10.4483643040658","2569.87","","","Execute",""
"0xd7a61b21d5ac42717edb6531eae8d14932f6e60a5221d25f50ce107c7337f35f","14371972","1647088428","2022-03-12 12:33:48","0x7df953d6be5fd9532a7e829cdfb72d2a9ab27000","0xf8583f22c2f6f8cd27f62879a0fb4319bce262a6","","0","0","0","0.006463187253239808","12.3017720903265","2569.87","","","Execute",""
"0x998ac17821917494fe9b3ed2af3b884f535d27a352d84ecf456925fb7f8ce202","14372085","1647089915","2022-03-12 12:58:35","0x8dc4310f20d59ba458b76a62141697717f93fa41","0xf8583f22c2f6f8cd27f62879a0fb4319bce262a6","","0","0","0","0.006147653411392084","11.7011975971072","2569.87","Error(0)","Out of gas","Execute",""
"0x90a1ed6bb7e04c457975dba3f988db12d72034b93c3815dd8f3d29e2058ed722","14372100","1647090210","2022-03-12 13:03:30","0x8dc4310f20d59ba458b76a62141697717f93fa41","0xf8583f22c2f6f8cd27f62879a0fb4319bce262a6","","0","0","0","0.01309611062752992","24.9266131240153","2569.87","","","Execute",""
"0xa76de4d578d35ff5ada3ce41100940bf86f56951e889be8ab20a09ce845586fd","14372168","1647091162","2022-03-12 13:19:22","0x89768ca7e116d7971519af950dbbdf6e80b9ded1","0xf8583f22c2f6f8cd27f62879a0fb4319bce262a6","","0","0","0","0.008019318143005632","15.2636493806712","2569.87","","","Execute",""
"0x9fe0534b4d3da5fc94ca7073dc149d7e234e28ee7c2232e5c6c536272218129c","14372259","1647092328","2022-03-12 13:38:48","0xe45c950efb371c331ffef421b5c8787c74830479","0xf8583f22c2f6f8cd27f62879a0fb4319bce262a6","","0","0","0","0.006470242247967528","12.3152002850915","2569.87","","","Execute",""
"0xb74ec1a887e4a3b899430693e321e5b5703fca881f01a881e4432622a1b7ed84","14372350","1647093551","2022-03-12 13:59:11","0xfc0591893b0bdb4322d25bdd43904aa9ab137140","0xf8583f22c2f6f8cd27f62879a0fb4319bce262a6","","0","0","0","0.005562767943147288","10.5879499922688","2569.87","","","Execute",""
"0x420d05bcdd54b45b8e7936a68094978e53424d35ef3cc4d4811c2c8e890025f3","14372554","1647096509","2022-03-12 14:48:29","0x2d220b4783a291abb2db3618bc4d94c632e16206","0xf8583f22c2f6f8cd27f62879a0fb4319bce262a6","","0","0","0","0.0064278937087776","12.2345957695389","2569.87","","","Execute",""
"0x3684ec99d3af6518c75c40251842c83ac96da9c6fef871f15e45b9182a829a53","14372700","1647098313","2022-03-12 15:18:33","0x09d1e14bc93217b9f2d083509e94dee161ffd9ac","0xf8583f22c2f6f8cd27f62879a0fb4319bce262a6","","0","0","0","0.007017090755062608","13.356049859556","2569.87","","","Execute",""
"0x2f44c61a2a74e196bbb6a4106e70a53f88d628d6d97cd747cbc076353cd9c7de","14372860","1647100524","2022-03-12 15:55:24","0xde0634a1f956df8580f18c955b3e9ee957e552c6","0xf8583f22c2f6f8cd27f62879a0fb4319bce262a6","","0","0","0","0.009648189155536992","18.3639773110829","2569.87","Error(0)","Out of gas","Execute",""
"0x1ae3f3e8cad465f8e39e8a3d65fbed32d7e88b7791c9980d566995ac915f5956","14372863","1647100575","2022-03-12 15:56:15","0xde0634a1f956df8580f18c955b3e9ee957e552c6","0xf8583f22c2f6f8cd27f62879a0fb4319bce262a6","","0","0","0","0.008363833316119296","15.9193857805688","2569.87","","","Execute",""
