"Txhash","Blockno","UnixTimestamp","DateTime","From","To","ContractAddress","Value_IN(ETH)","Value_OUT(ETH)","CurrentValue @ $1905.29/Eth","TxnFee(ETH)","TxnFee(USD)","Historical $Price/Eth","ErrCode","Status","Method","EMPTY"
"0x83a287c0714d7a3c2351907067a4b32a4f038eb05727e88f568c5d19ad4997f7","14310144","1646258214","2022-03-02 21:56:54","0x1c11be636415973520dddf1b03822b4e2930d94a","","0x0865a889183039689034da55c1fd12af5083eabf","0","0","0","0.30530058","581.6861420682","2948.63","","","0x60c06040",""
"0x8a72c57003a145e41871c0837c8a244a381f8869a38a8c7a52a425df7178648f","14310221","1646259349","2022-03-02 22:15:49","0x1c11be636415973520dddf1b03822b4e2930d94a","0x0865a889183039689034da55c1fd12af5083eabf","","0","0","0","0.001861145","3.54602095705","2948.63","","","Transfer Ownership",""
"0x5e56041336ee2852322c9dd58fdb5c9bd71fcd83fb2c38c6af6469a6f5ed297d","14375617","1647137000","2022-03-13 02:03:20","0xb42f5a41b62b52616598cfd1a0d3a01846bfa888","0x0865a889183039689034da55c1fd12af5083eabf","","0","0","0","0.00774903079698538","14.7641508871883","2516.83","","","Initial Stake",""
"0x64f0726d52837fc481a0614e16f6bda050d92534405cbedfeacaca1fac84e3e8","14383674","1647247012","2022-03-14 08:36:52","0x65aaeec60c6149bf18753f5d2c361ecbba22651a","0x0865a889183039689034da55c1fd12af5083eabf","","0","0","0","0.004167778999107648","7.94082764920981","2591.45","","","Initial Stake",""
"0xf3bd95ad2c72fd0897374164c277a8c8238fea60ca47122870e8cc70a6ce8a84","14384232","1647254424","2022-03-14 10:40:24","0x5d9a5ebae5828cd8d15166666d45d53f0b871bb4","0x0865a889183039689034da55c1fd12af5083eabf","","0","0","0","0.003181496068147972","6.06167264368165","2591.45","","","Initial Stake",""
"0xc98980cc89a0db4be565ce48c18f9bf0d1dd86bb9891c11770284332f1a72fdd","14386157","1647279723","2022-03-14 17:42:03","0xae4281d74056f3975941b66daf324bb893279cf0","0x0865a889183039689034da55c1fd12af5083eabf","","0","0","0","0.006173508815830125","11.762324611713","2591.45","","","Initial Stake",""
"0x119cecaea9e10e4555bc0df25c37497e1b30efda8d9f274a41ba9455b3aafc00","14396413","1647417690","2022-03-16 08:01:30","0x7a247ff3d9be7a89b5f71206ec1ca3f8684bb5c3","0x0865a889183039689034da55c1fd12af5083eabf","","0","0","0","0.00512091247019409","9.7568233203361","2775.15","","","Initial Stake",""
"0x2ab8b65df2c43ab98c25029005e063f88292acaec373f8de074cbce6fb7dfd3a","14397027","1647426162","2022-03-16 10:22:42","0x1040a43093b700d9bfe90346990afaa4d1151508","0x0865a889183039689034da55c1fd12af5083eabf","","0","0","0","0.005467159740666852","10.4165247822951","2775.15","","","Initial Stake",""
"0xcd96fd207d4a39a656fd731986cc9789adf3a54942146e468fb7c9ab18159ed0","14400526","1647473496","2022-03-16 23:31:36","0x1c721671916560c9ab5b7c5406e152b750eb03a2","0x0865a889183039689034da55c1fd12af5083eabf","","0","0","0","0.009159006263232744","17.4505630432747","2775.15","","","Initial Stake",""
"0xd5966635675dc93b0ca75039cf047807cf9e63b1a3ba375951e1be428a1a70f5","14415509","1647674561","2022-03-19 07:22:41","0x76feb15406fd0637b95c871bfa8c71fbb1854dd0","0x0865a889183039689034da55c1fd12af5083eabf","","0","0","0","0.00505282821300549","9.62710306595723","2952.64","","","Initial Stake",""
"0x7c8e67aa04e89177235e9256cc6d8dc118d6b858047ae0dd50a049f02139b496","14416304","1647685250","2022-03-19 10:20:50","0x843aa999827ae6d187f8a5b6ab4afb1b1597551d","0x0865a889183039689034da55c1fd12af5083eabf","","0","0","0","0.003251459673448461","6.19497360122462","2952.64","","","Initial Stake",""
"0xb7541eda95e6d81398a7565177fc341fbdf249189e1f7385a89b4ccf615c49c0","14416622","1647689785","2022-03-19 11:36:25","0x446ccd4633512f321b400cf89c1877f8307f6c26","0x0865a889183039689034da55c1fd12af5083eabf","","0","0","0","0.004051348561103895","7.71899389998564","2952.64","","","Initial Stake",""
"0xdf48cfc4a42575a6278c727ca4c09f61160474ce8be85ce64da3ce4b8bd8c784","14421662","1647758423","2022-03-20 06:40:23","0x4d5daadc1bf9aa1c023fe1a9f75545b3863dfd14","0x0865a889183039689034da55c1fd12af5083eabf","","0","0","0","0.00396893758311807","7.56197708773903","2861.26","","","Initial Stake",""
"0x089b60d2fa6ba6ea3ba5f9a670fe3073032a73811e9064e03d72c49e475b6052","14421740","1647759504","2022-03-20 06:58:24","0x9b2b78003e469a342977e0a078f6aef88077acd9","0x0865a889183039689034da55c1fd12af5083eabf","","0","0","0","0.002998034530228449","5.71212521009896","2861.26","","","Initial Stake",""
"0x2dbdd9f3ab15e7215006c0bc84901c8ffe2e7e2defa3caaeffb8ad47f6e4180a","14421761","1647759775","2022-03-20 07:02:55","0xdf6c74e0387570344c4c36ff77c79fd805c5b5f7","0x0865a889183039689034da55c1fd12af5083eabf","","0","0","0","0.002969643624974109","5.65803230222692","2861.26","","","Initial Stake",""
"0xb65226e659b3c3ee84d030dbf40a5c0b39d2c0c0ce0bdd34bc4a2a9ec4456255","14421787","1647760098","2022-03-20 07:08:18","0x677f0fb523ecfe8343560ddcaac47e1eab34409a","0x0865a889183039689034da55c1fd12af5083eabf","","0","0","0","0.002647855151735796","5.04493194205069","2861.26","","","Initial Stake",""
"0x898d8a41b29ff96097b607d90d243db4cc7ab01438fcf66fad5eb725e51b568b","14421898","1647761548","2022-03-20 07:32:28","0xc92c4df3dd076d3ef60f2c6c533ee16616f4d8a5","0x0865a889183039689034da55c1fd12af5083eabf","","0","0","0","0.00324597","6.1845141813","2861.26","","","Initial Stake",""
"0x567d154dd7d5a8bca6f7d1615878dfb9ab604c0ec8a32fc6d49068208ea21f6d","14422025","1647762960","2022-03-20 07:56:00","0xfc0591893b0bdb4322d25bdd43904aa9ab137140","0x0865a889183039689034da55c1fd12af5083eabf","","0","0","0","0.002770651966143315","5.2788954845732","2861.26","","","Initial Stake",""
"0x6d503bc661b0f97f3358250c5438c0cc75542d3f99b36ea7ed95a230cb969c00","14422207","1647765531","2022-03-20 08:38:51","0xaaa017530e01e7bf6d69f29756870f4dd09b74d6","0x0865a889183039689034da55c1fd12af5083eabf","","0","0","0","0.002818441800556326","5.36994897818196","2861.26","","","Initial Stake",""
"0xc1e6569d19864770d2b1ab7b5a82d020e012a64b6ed32a5fa11899ac403e24f0","14422251","1647765970","2022-03-20 08:46:10","0x37d8fa18bd09ed448e93ecd47641019d91eb43a4","0x0865a889183039689034da55c1fd12af5083eabf","","0","0","0","0.002634612786191571","5.01970139540294","2861.26","","","Initial Stake",""
"0x1b765886c99a8e546be35b4cb89de26009c877c89823be205547f6ca6b8a99db","14422301","1647766618","2022-03-20 08:56:58","0xbaa3a36ade58a3593972b7728a97916ed82ee371","0x0865a889183039689034da55c1fd12af5083eabf","","0","0","0","0.003064227862944843","5.83824270499018","2861.26","","","Initial Stake",""
"0x8fc4b2aa275ced8cdee4c002368041e831b851cdf1fd7febe1c3734258991e60","14428220","1647845706","2022-03-21 06:55:06","0x014607f2d6477badd9d74bf2c5d6356e29a9b957","0x0865a889183039689034da55c1fd12af5083eabf","","0","0","0","0.00466793493243675","8.89376974742241","2895.01","","","Initial Stake",""
"0x9e5d7306b63744beaca1fe745053ee93b9bb33075bd2139cf8559c87600d4992","14429935","1647868836","2022-03-21 13:20:36","0x6058f8e21d7d736b574e80c2b57e73fdf360bae0","0x0865a889183039689034da55c1fd12af5083eabf","","0","0","0","0.006709650695222694","12.7838303731008","2895.01","","","Initial Stake",""
"0x149f8c553d368d2ac7a965dacd8069e7290542a34c9c9cfff5ab67398ed4335e","14436187","1647953002","2022-03-22 12:43:22","0x25ad2667b19e866109c1a93102b816730a6aec3f","0x0865a889183039689034da55c1fd12af5083eabf","","0","0","0","0.004943268994698375","9.41836098290887","2970.47","","","Initial Stake",""
"0x13c5c0e9e87721c72db7ac0b53adc3cfdaadcdac735df0461fcc1e7bbf66f68e","14436312","1647954921","2022-03-22 13:15:21","0x4c1f58d3ded593b018ca2ec4228399df39cfdd6f","0x0865a889183039689034da55c1fd12af5083eabf","","0","0","0","0.010328330755848915","19.6784653058114","2970.47","","","Initial Stake",""
"0x01270f792a0a184736f76a358b720ce6f78c4c62d6b7017c2c532245bf59d2f2","14442105","1648032552","2022-03-23 10:49:12","0x8c302250f1f5f4a933b7a62b52e998b0a40c3917","0x0865a889183039689034da55c1fd12af5083eabf","","0","0","0","0.003759542045281908","7.16301786345517","3032.98","","","Initial Stake",""
"0xe99c00cbed8258a2f278f4ee0dcaae88d174d8ec38986c634614d301ff8f3d5f","14442502","1648037955","2022-03-23 12:19:15","0xafbe2fe7325418ac50337ace4cd86ee0bfa245c7","0x0865a889183039689034da55c1fd12af5083eabf","","0","0","0","0.004619328953869575","8.80116126251816","3032.98","","","Initial Stake",""
"0xc85c01434d859e1a7c85ff98e95d831d76709e17bbb1d51edb14dcaf76df612a","14447949","1648111146","2022-03-24 08:39:06","0x9a4a43a48f6bd53fef42b1565f14d24e1f9f41e8","0x0865a889183039689034da55c1fd12af5083eabf","","0","0","0","0.004767348392528769","9.08318121880114","3112.85","","","Initial Stake",""
"0xaa3ba2aabbe47d2f37afd47d5a78a9182e32d04f7e4ab29a9dfb1b17ffa3190f","14455624","1648213846","2022-03-25 13:10:46","0x13711b99539d2860aa740c0180a50627d538c28e","0x0865a889183039689034da55c1fd12af5083eabf","","0","0","0","0.005796705656339334","11.0444053199668","3104.04","","","Initial Stake",""
"0x5ec2b8de4a3781fd3d5e5af389aaaf767ccf10b0b248ef723fba2813099dde48","14461837","1648297822","2022-03-26 12:30:22","0x3255d4b48d108cfd7a6d71d0722ff845f9213a13","0x0865a889183039689034da55c1fd12af5083eabf","","0","0","0","0.004944079097875335","9.4199044643909","3146.36","","","Initial Stake",""
"0x87052e6386a093d8d66cdda4f2be7c0e9cd4e6b26ee4daabe8af711e47690be9","14465649","1648349323","2022-03-27 02:48:43","0xdf839bbbe062ae73493a6961fc34849b53f1c154","0x0865a889183039689034da55c1fd12af5083eabf","","0","0","0","0.005512567203408465","10.5030391669821","3296.46","","","Initial Stake",""
"0x3b2189c289574c5d3638260dfad109c68dcdd1041cc726ad800e20b9a759895c","14479054","1648529503","2022-03-29 04:51:43","0xc134041a85edbb3bd9cae36a32486454c1c6e134","0x0865a889183039689034da55c1fd12af5083eabf","","0","0","0","0.00824507930872926","15.7092671561288","3402.62","","","Initial Stake",""
"0x848a2d8f63fd20329a8e5a27144ff847e6f2b7db8a8f1e5520329cbf4b858fc0","14480066","1648542584","2022-03-29 08:29:44","0x6715fd4994379ff0b1bc3d0bd3d599f83e9ec4be","0x0865a889183039689034da55c1fd12af5083eabf","","0","0","0","0.005611102069044249","10.6907766611293","3402.62","","","Initial Stake",""
"0x5e5e3b69d1779d7398358095f89121d45ff43bff1ccd008c504eebd4742e7fce","14488235","1648652636","2022-03-30 15:03:56","0x643430283b19fa5bd70a1138b495c2b43523cdd5","0x0865a889183039689034da55c1fd12af5083eabf","","0","0","0","0.01498721450422572","28.5549899227562","3385.11","","","Initial Stake",""
"0x5241d8a1b7f8d188d39aec45e026e0b34e614237baf2e7890b8c152492e24c21","14488331","1648653823","2022-03-30 15:23:43","0xc5614f397051e6db3bfabf9813c6c9b57f232783","0x0865a889183039689034da55c1fd12af5083eabf","","0","0","0","0.012163101860084025","23.1742363429995","3385.11","","","Initial Stake",""
"0x88f3c4d5baa1e66b21b337f8b46dfac585018d9c2c3a491a0ae0c32de395179c","14488429","1648655274","2022-03-30 15:47:54","0xb8c9d38ba6924095062a92a581326a3ececf62d9","0x0865a889183039689034da55c1fd12af5083eabf","","0","0","0","0.010600447293643818","20.1969262241066","3385.11","","","Initial Stake",""
"0x506708ac55dab82366dddc2d507139614f38c674de0676fa1fa6dc972d40ebdf","14488489","1648656053","2022-03-30 16:00:53","0x710dc8c61b177687f1e3c085f694896cdc438209","0x0865a889183039689034da55c1fd12af5083eabf","","0","0","0","0.029701684254736272","56.5903219937065","3385.11","","","Initial Stake",""
"0x07d51f344298253030bbb7f26b54c1b4d00ac05600871d31681e5dae50256bb8","14488491","1648656092","2022-03-30 16:01:32","0xd9f0834e7ca9b9262df3189b850ebf9514027e82","0x0865a889183039689034da55c1fd12af5083eabf","","0","0","0","0.027967727455675728","53.2866314440244","3385.11","","","Initial Stake",""
"0x1b1e1c577b9f8d7e58540a386d263ba3dae78d813fe9e410d5bce8d6df3f3f77","14488501","1648656181","2022-03-30 16:03:01","0xcd52e48d1f34a6498af641a5afa66376f85775c7","0x0865a889183039689034da55c1fd12af5083eabf","","0","0","0","0.028216872","53.76132405288","3385.11","","","Initial Stake",""
"0xc176500100197ed5e0a0f78868c12de63a9371eda4d05d5382d82163e8862ace","14488504","1648656202","2022-03-30 16:03:22","0xae4281d74056f3975941b66daf324bb893279cf0","0x0865a889183039689034da55c1fd12af5083eabf","","0","0","0","0.02275336939730364","43.3517671789887","3385.11","","","Initial Stake",""
"0x2bc090d340e98b5088b88cdf0e0d6f796c7be5c8e143f7a4f38e1836ab5e8c80","14488505","1648656215","2022-03-30 16:03:35","0xfda5bb18e3f47ea9b3d5689c3cd896d4ddd41eca","0x0865a889183039689034da55c1fd12af5083eabf","","0","0","0","0.02689707061885464","51.2467196793976","3385.11","","","Initial Stake",""
"0x149f6eff22f47102793d4ef00c7b78f2c659f7fd321b493decc970285e57cfe3","14488506","1648656236","2022-03-30 16:03:56","0x6a356be9b82e09bcff191baa639cf6012c63addd","0x0865a889183039689034da55c1fd12af5083eabf","","0","0","0","0.030204941874739704","57.5491737045228","3385.11","","","Initial Stake",""
"0x32f33e1e4ed4ffd947da5242c87757ad6d7f5b2af12fb15d9b5bb8cbaeecfaac","14488512","1648656307","2022-03-30 16:05:07","0xc29d294b9c254d20ba7e20923f31a8fe91d4faeb","0x0865a889183039689034da55c1fd12af5083eabf","","0","0","0","0.029531303772370224","56.2656977644593","3385.11","","","Initial Stake",""
"0x48e64cd7728c0babd4ef8408f3abcede63d9fa669c56f640bec922ae8077c908","14488517","1648656409","2022-03-30 16:06:49","0x643430283b19fa5bd70a1138b495c2b43523cdd5","0x0865a889183039689034da55c1fd12af5083eabf","","0","0","0","0.03554995857263184","67.7329805688497","3385.11","","","Initial Stake",""
"0x090d8c58999518b0a7fdcc82821b3c16196b78b7324bba2150409e185368e25a","14488527","1648656527","2022-03-30 16:08:47","0xdeb263240eadf03bffdc6036ce652fe4cec96d2c","0x0865a889183039689034da55c1fd12af5083eabf","","0","0","0","0.037474020564555888","71.3988766414427","3385.11","","","Initial Stake",""
"0xc0f0d544d143cfb3a3818ec2770bb500a3f009715815cbc868707b296734df32","14488553","1648656806","2022-03-30 16:13:26","0x5ebc7a6f0ecbc069065fce49b0ed28b5e6dbdaf8","0x0865a889183039689034da55c1fd12af5083eabf","","0","0","0","0.023684902976138832","45.1266087914076","3385.11","","","Initial Stake",""
"0x84b9119c9e58cc84aa5ed3c0695ad9b672d5db125adb4de3b624cd01c2eaa36a","14488553","1648656806","2022-03-30 16:13:26","0x87a427c0a3508705f7f7d0c8b90e270f4f3d8268","0x0865a889183039689034da55c1fd12af5083eabf","","0","0","0","0.023685930431586348","45.1285663919972","3385.11","","","Initial Stake",""
"0x0c2c6fd6f2da8c101e877975113f47c6725f7014385defde8095d736dfef375f","14488558","1648656848","2022-03-30 16:14:08","0xf6c719dc30fd8a3b8f23d075ddc4e4b00fa2736d","0x0865a889183039689034da55c1fd12af5083eabf","","0","0","0","0.023388951876552528","44.5627361208768","3385.11","","","Initial Stake",""
"0xdb6a36635684680503cce4e093935506b7a7c169ab12d979a14a10a8e80affae","14488574","1648657206","2022-03-30 16:20:06","0x06aa5e77cf3bec21129ddbf29b531ed742a4109c","0x0865a889183039689034da55c1fd12af5083eabf","","0","0","0","0.0323456839455978","61.627908164708","3385.11","","","Initial Stake",""
"0xe3bc159bc5dd8cca85b6018ff9712d1bfd6797b39649b64ff9c5ad68c8337721","14488584","1648657377","2022-03-30 16:22:57","0x70af29f754988473fcaba6e01abfbaff871046d1","0x0865a889183039689034da55c1fd12af5083eabf","","0","0","0","0.036315367750822884","69.1913070219653","3385.11","","","Initial Stake",""
"0x0c3450800fdf613bb155875be0a7bf41686e415995bb42d7d0e85ae1931e917b","14488613","1648657815","2022-03-30 16:30:15","0x874d561afa3e120bf9bd2aad7a435cf0d4656989","0x0865a889183039689034da55c1fd12af5083eabf","","0","0","0","0.02725440762616056","51.9275503060475","3385.11","","","Initial Stake",""
"0x61e521d485b95455804918b5fd93be83125ca940f402e89866a48dc98f4ebb15","14488653","1648658241","2022-03-30 16:37:21","0x5811b5d57cb3f803151768fea0d22046b1ebd65c","0x0865a889183039689034da55c1fd12af5083eabf","","0","0","0","0.01798212","34.2611534148","3385.11","","","Initial Stake",""
"0x2f52ac05eb47b85fb5ff76d4a45f1184293134eaafa06e84618ec600f24da129","14488849","1648660807","2022-03-30 17:20:07","0x6a04941de896e4215eeb8e6eb1b72ad2904d2402","0x0865a889183039689034da55c1fd12af5083eabf","","0","0","0","0.028229730522493104","53.7858232672009","3385.11","","","Initial Stake",""
"0x229ad934874dc967188ee611217c9b7d89b1ef2eda3b617a0b7c170eb7b11534","14488852","1648660839","2022-03-30 17:20:39","0x6e93ebc8302890ff1d1befd779d1db131ef30d4d","0x0865a889183039689034da55c1fd12af5083eabf","","0","0","0","0.029661301511557452","56.5133811569553","3385.11","","","Initial Stake",""
"0x55562244edea41d3878d47f2fa97029229815e54761d60a1a64cb3a471677b00","14488951","1648662155","2022-03-30 17:42:35","0x1b50adc3c74b4f3a2a4307fe714c853634139e45","0x0865a889183039689034da55c1fd12af5083eabf","","0","0","0","0.017479545887241444","33.3036039835022","3385.11","","","Initial Stake",""
"0x1d68ac59c05c9243a1d6337b5d0bd68ac59da5b2a580f1a40df42e3381a4a631","14488959","1648662280","2022-03-30 17:44:40","0xcf2e0814ddf1587e06a66b479de3d0b7b151e5b8","0x0865a889183039689034da55c1fd12af5083eabf","","0","0","0","0.022424957718263408","42.7260476910301","3385.11","","","Initial Stake",""
"0xc6b19708d300f40c7af0ca1c79c7cd39c2b8b0d044e855bc76447013fec21dfb","14489133","1648664681","2022-03-30 18:24:41","0x5c44368c0ad4c446842738bdbf8f2bbf9876546e","0x0865a889183039689034da55c1fd12af5083eabf","","0","0","0","0.01536777416291424","29.2800664348589","3385.11","Error(0)","Out of gas","Initial Stake",""
"0x603cf057378a9f562438cf9f9267630dbaaaf115866b4e074a0410e3550ae391","14489146","1648664858","2022-03-30 18:27:38","0x5c44368c0ad4c446842738bdbf8f2bbf9876546e","0x0865a889183039689034da55c1fd12af5083eabf","","0","0","0","0.01766618095976376","33.6591979208283","3385.11","","","Initial Stake",""
"0x6b17874495f9a038e88a41b46154fb1210da0654c4053c0285761fb9100f953b","14489246","1648666164","2022-03-30 18:49:24","0x825ae6fb177186e9551ab1cdd6d4ab10b22a0dba","0x0865a889183039689034da55c1fd12af5083eabf","","0","0","0","0.01547898","29.4919458042","3385.11","","","Initial Stake",""
"0xed52e2ca208e41cc7c2d0fa3cd0cf994a5a9aabfd3f6c3bf62f40ffa1230b030","14489286","1648666702","2022-03-30 18:58:22","0xa1ed36fe9e4a32737472ea0dd632825e73cb2943","0x0865a889183039689034da55c1fd12af5083eabf","","0","0","0","0.013570217260945296","25.8551992451065","3385.11","","","Initial Stake",""
"0xd653a8027534fcbf2a43058aaf7d649b1059b6f67591a4a00b5db72fe1e8b136","14489550","1648670460","2022-03-30 20:01:00","0x308bff328370fc4a9683ab9fcd79a21be6dc5ee4","0x0865a889183039689034da55c1fd12af5083eabf","","0","0","0","0.026410605864583584","50.3198632477325","3385.11","","","Initial Stake",""
"0xe9a054e1ab133cda0764616273ef4dd5e15110d5daf58b0d802d1e41263b7541","14490293","1648680466","2022-03-30 22:47:46","0xf616959cfc26d7d734c28f4437d5b4d25af13b2e","0x0865a889183039689034da55c1fd12af5083eabf","","0","0","0","0.011854625138949684","22.5864987309894","3385.11","","","Initial Stake",""
"0x767b6fa9787289ebd5ca04fc26938989578130af5a4c280abd59af35fa5f8671","14490302","1648680588","2022-03-30 22:49:48","0xbda0020b6e44db02ca73e65819ad33eea4a2111c","0x0865a889183039689034da55c1fd12af5083eabf","","0","0","0","0.010864392250096","20.6998179101854","3385.11","","","Initial Stake",""
"0xde122872bcac8f198bdbc30d9e98a5984bae57b8344372097070d5b7c9d9389d","14490336","1648680980","2022-03-30 22:56:20","0xeabdff58088179bca0d8255ea2fbe036e3e5ef3b","0x0865a889183039689034da55c1fd12af5083eabf","","0","0","0","0.011515967056451976","21.9412568729874","3385.11","","","Initial Stake",""
"0xd4b443257c6048511c4992fa3276f9c088e30ec76cde19a82d9edf0973713bb6","14490364","1648681317","2022-03-30 23:01:57","0xe6cc5e3ebb07b5156ba3af510b8c6ca19804d88e","0x0865a889183039689034da55c1fd12af5083eabf","","0","0","0","0.009732662316900648","18.5435441857676","3385.11","","","Initial Stake",""
"0xa42c8d8a1f6e24e2fd49ed5ed9ada58427aaad49656cbb8e14ff38161c569f02","14490481","1648683103","2022-03-30 23:31:43","0x96dc89dbe84970ee42a2f0b35fb50599e6745ff8","0x0865a889183039689034da55c1fd12af5083eabf","","0","0","0","0.01480218677634696","28.2024584431061","3385.11","Error(0)","Out of gas","Initial Stake",""
"0x6acfe0cd882d1dc0812eed4fa8352bb564a28a265f5b34995b613f7ecf7bc855","14490483","1648683150","2022-03-30 23:32:30","0x96dc89dbe84970ee42a2f0b35fb50599e6745ff8","0x0865a889183039689034da55c1fd12af5083eabf","","0","0","0","0.016334244775326708","31.1214732279822","3385.11","","","Initial Stake",""
"0x2bf1c8dafde76a235c2b601bdcb2a8b6b5e2a39a88765254564328705ab270ab","14490697","1648685817","2022-03-31 00:16:57","0xe188e4f2ce31b507d7fae2397ad66c5fe4504ff7","0x0865a889183039689034da55c1fd12af5083eabf","","0","0","0","0.009958896","18.97458495984","3282.78","","","Initial Stake",""
"0x8876513b549eb453fa3eaf6d1694215c8c71d9233001d56c73376c78aebb4546","14490725","1648686155","2022-03-31 00:22:35","0x046f601cbcbfa162228897ac75c9b61daf5cee5f","0x0865a889183039689034da55c1fd12af5083eabf","","0","0","0","0.009098269559809848","17.3348420096101","3282.78","","","Initial Stake",""
"0xe12b9ea651d008eb00e0f3ad6d385d0bf874c7a33bdd205e626c88f5db064cdf","14491092","1648690867","2022-03-31 01:41:07","0x18bd2e8b69e48c5e6deae13682b1f78d1c260bf9","0x0865a889183039689034da55c1fd12af5083eabf","","0","0","0","0.00622165636475304","11.8540596552003","3282.78","","","Initial Stake",""
"0xfcf65ac19f1d4e971c87c157fa01a111c0583429ea714d7ea5ccc400fd506d5d","14492235","1648707041","2022-03-31 06:10:41","0xda4807e777e2e4a6b2ab075bdc0aef459e708cbe","0x0865a889183039689034da55c1fd12af5083eabf","","0","0","0","0.00879465809354058","16.7563741190419","3282.78","","","Initial Stake",""
"0xaafd609edfb36ecfe3978d1da53a53944f580f638d7f40e1ccc22ea1e4ace4df","14492300","1648707773","2022-03-31 06:22:53","0x31c039383d787457b75d185d820d4a37ab80dad2","0x0865a889183039689034da55c1fd12af5083eabf","","0","0","0","0.0094437193697328","17.9930240779582","3282.78","","","Initial Stake",""
"0xac7568fefa355a67bb928f38a902997b354da7154de9fc1a0c4060f3e3cadd07","14539660","1649347214","2022-04-07 16:00:14","0x746c7757501193af295797d4f338121cf22a4acd","0x0865a889183039689034da55c1fd12af5083eabf","","0","0","0","0.036360730026030696","69.277735311296","3229.28","","","Initial Stake",""
"0xe0130a52370d1d0f20096511eb4090a777c4f78a0a338a3ba830f5af26854772","14539664","1649347240","2022-04-07 16:00:40","0xcdb2de3c7e3523f943904bdaab94e316853601ee","0x0865a889183039689034da55c1fd12af5083eabf","","0","0","0","0.034719762129650784","66.1512155880023","3229.28","","","Initial Stake",""
"0xe8439eaa3d93d2ee8af5877c954012dce6646ebad37393f39964b2fc880793b5","14539664","1649347240","2022-04-07 16:00:40","0x66b1e927c3d35cbf4de05a29dcd76ae4d8947081","0x0865a889183039689034da55c1fd12af5083eabf","","0","0","0","0.034716750091641792","66.1454767821042","3229.28","","","Initial Stake",""
"0x85375de87076e9dc5f10e7931fc0ef67c46c3f5ae62fe9a29b0a43c178565f3b","14539664","1649347240","2022-04-07 16:00:40","0x193f0ee42a199a0cecd479a9f09ba293eb1ca357","0x0865a889183039689034da55c1fd12af5083eabf","","0","0","0","0.034650600129650784","66.0194419210223","3229.28","","","Initial Stake",""
"0x047b7777f4df68def25373068535f298b184d131f94bf4b611704617c2e6dea7","14539665","1649347250","2022-04-07 16:00:50","0xb38bfe8f08a059e172a34a2e916379c673c36420","0x0865a889183039689034da55c1fd12af5083eabf","","0","0","0","0.03872736","73.7868517344","3229.28","","","Initial Stake",""
"0xa84ab0e06809e91774d46f44464cf7a64c7d41a56b33280e27292ac3731d6034","14539665","1649347250","2022-04-07 16:00:50","0x4a2ff57467db1290cf32cf106c96987d5f4eca1a","0x0865a889183039689034da55c1fd12af5083eabf","","0","0","0","0.03514940278368348","66.9698056297243","3229.28","","","Initial Stake",""
"0x813fd83b21f8d8a3f497902d4e8be30a79b6b3a128ad41d1697e13af67fd1dab","14539666","1649347269","2022-04-07 16:01:09","0x2a03278590cd1962de28f9abc855cf3774fe3eb6","0x0865a889183039689034da55c1fd12af5083eabf","","0","0","0","0.036980829826342848","70.4592052598328","3229.28","","","Initial Stake",""
"0x47efd15e138e72e21a91392350ee258e096c20bfb68588538ac60ab94834ca9b","14539669","1649347300","2022-04-07 16:01:40","0x5f13fbd61bc5dc77758d72f4fbf17ba591f1962f","0x0865a889183039689034da55c1fd12af5083eabf","","0","0","0","0.0346690954430046","66.0546808566022","3229.28","","","Initial Stake",""
"0x85d331f924801840eb08eadeec12705ecbfecb40be16c743044ce2aed0240a88","14539669","1649347300","2022-04-07 16:01:40","0xfd9ce48c96617bf6ccc7c37044b1a22638b71e02","0x0865a889183039689034da55c1fd12af5083eabf","","0","0","0","0.0345307774430046","65.7911449543822","3229.28","","","Initial Stake",""
"0x4aff31a5b568bb1e7b751d0bd6affc724f24b051b9ca2e322c87fbf6f1336929","14539671","1649347375","2022-04-07 16:02:55","0x9f9ebce72c0715cdbad4d589986eb22f6782a1ce","0x0865a889183039689034da55c1fd12af5083eabf","","0","0","0","0.034647821635006944","66.0141480829624","3229.28","","","Initial Stake",""
"0x7f334d836d0dc18b6ec200f709fb3fe523610e26186cd9d9c5e1cebbc8852ca7","14539672","1649347400","2022-04-07 16:03:20","0x10216d6b520a9e033769393c65c2efd94303684b","0x0865a889183039689034da55c1fd12af5083eabf","","0","0","0","0.039615912067961328","75.479801103966","3229.28","","","Initial Stake",""
"0xf70ea42a9340129666f122b19a7dc4fa760c67e7e432dac5fafa9d4906acb62b","14539672","1649347400","2022-04-07 16:03:20","0xb9df1ac065aba19fb4a23328784665b9b19dee31","0x0865a889183039689034da55c1fd12af5083eabf","","0","0","0","0.039614193671497896","75.4765270603682","3229.28","","","Initial Stake",""
"0x1c1200cb4bfe7a5aab0cda777a8f09b22bf2056388901fcc53a7206d5b8a098c","14539694","1649347646","2022-04-07 16:07:26","0x9d32f1e7c5ff707e92b4b30937a1e5e2c2de2462","0x0865a889183039689034da55c1fd12af5083eabf","","0","0","0","0.02974266904161696","56.6684098983024","3229.28","","","Initial Stake",""
"0xc00be56505e0412ababe8ff5cf5ea139079f2159ee4382a3cfa13bb23576d225","14539698","1649347771","2022-04-07 16:09:31","0x16a3b440c18cc022a735f298659c008f9622f799","0x0865a889183039689034da55c1fd12af5083eabf","","0","0","0","0.045545496588080928","86.7773791943047","3229.28","","","Initial Stake",""
"0xcab9f850ee53e1a92a66c46b68b2b1e63d20a9730a1d17461cd7f76e5bd948f5","14539709","1649347892","2022-04-07 16:11:32","0x4c6bb92f83e0e978270e8325181adee3f1d0df7f","0x0865a889183039689034da55c1fd12af5083eabf","","0","0","0","0.029133767182644864","55.5082752754214","3229.28","","","Initial Stake",""
"0xf87da173238477c8ac6096cd407eb9e7e453848910a092acd0d75dcae5c1d647","14539716","1649347969","2022-04-07 16:12:49","0xef47003f0e276eb0fb60b626e80554dd7adcdd11","0x0865a889183039689034da55c1fd12af5083eabf","","0","0","0","0.0281059186187271","53.5499256850746","3229.28","","","Initial Stake",""
"0x88433a1d362503256af9ae24bd3788df623de3c6e3ad3c850753e3e163bfaa7a","14539742","1649348257","2022-04-07 16:17:37","0x317379256fddcb3ec5a5eb00b044fd9575038b7f","0x0865a889183039689034da55c1fd12af5083eabf","","0","0","0","0.02174496","41.4304548384","3229.28","","","Initial Stake",""
"0x52290492b1342adc7642eca3dc016f17fce0038baeb14448bd68bb4d0bcef2ba","14539750","1649348318","2022-04-07 16:18:38","0xac5348a948ce281e0507d4fc87e08c28612d8e8d","0x0865a889183039689034da55c1fd12af5083eabf","","0","0","0","0.021960528984826992","41.841176269501","3229.28","","","Initial Stake",""
"0x07100ed3196a874e43d61d2cb3e808ba7f846e3017e938524bec3ab6a16a680a","14539759","1649348414","2022-04-07 16:20:14","0xa337321a3b9909aec6e7053ef8e8fdb24e4614f2","0x0865a889183039689034da55c1fd12af5083eabf","","0","0","0","0.022894766440568424","43.6211695515506","3229.28","","","Initial Stake",""
"0x6b91ad03453d735718b9b31b607e1e7e78d415dfdb97dd987f0221358481de99","14539775","1649348604","2022-04-07 16:23:24","0x9859f916c7b46aeae52bee615f93f2f4641bbe6e","0x0865a889183039689034da55c1fd12af5083eabf","","0","0","0","0.023092412706499476","43.9977430055664","3229.28","","","Initial Stake",""
"0x704d2c1f256e24edbf855f0e2036fc050c010ae7a09129933f38c55977352e41","14539781","1649348671","2022-04-07 16:24:31","0xb38bfe8f08a059e172a34a2e916379c673c36420","0x0865a889183039689034da55c1fd12af5083eabf","","0","0","0","0.02465706","46.9788498474","3229.28","","","Initial Stake",""
"0x9fa2214963c9c33c766e21f0b74b3962bc877aa804b6e86ff5346bfed44d63db","14539785","1649348751","2022-04-07 16:25:51","0x8d470921050899284b451d6a65f4204eee4aaf8f","0x0865a889183039689034da55c1fd12af5083eabf","","0","0","0","0.026893777458973392","51.2404452548074","3229.28","","","Initial Stake",""
"0xb51fcaef24f411cf8d489dbdaafa603885f8ab4a8a2ca38ea99d547934d38a0b","14539798","1649349020","2022-04-07 16:30:20","0x07e39e8e9d519e3ae3f7b030ab5e03493cd4b945","0x0865a889183039689034da55c1fd12af5083eabf","","0","0","0","0.035085686083646496","66.8484068383108","3229.28","","","Initial Stake",""
"0x0fd1eb29324dba1df2e891763df4609c189c869dbe64b0342f00ffbf55c65c79","14539799","1649349043","2022-04-07 16:30:43","0xee160154b02a2e404c6c13ff0b28ed76010cf07d","0x0865a889183039689034da55c1fd12af5083eabf","","0","0","0","0.036326904262925208","69.2132874231088","3229.28","","","Initial Stake",""
"0x169a71fae2dae69eb9107cce2df981f2e49a5ff94b99808fd3d13d3c6a9d3923","14539808","1649349173","2022-04-07 16:32:53","0xcd52e48d1f34a6498af641a5afa66376f85775c7","0x0865a889183039689034da55c1fd12af5083eabf","","0","0","0","0.025694064","48.95464319856","3229.28","","","Initial Stake",""
"0x1e1915ba058c39f8c219b0deedf5b271a99ad78e70154aee8d3936d4af7ce142","14539846","1649349617","2022-04-07 16:40:17","0x09635f1a9e74772789978b012f132ec97983963e","0x0865a889183039689034da55c1fd12af5083eabf","","0","0","0","0.018778860165953664","35.7791744855899","3229.28","","","Initial Stake",""
"0xb2cc66a1ef48811589919dbc0eadc1875323060a99bac781da658d0e362fc601","14539863","1649349861","2022-04-07 16:44:21","0x63eeba70536d2d0778c66abfa854e2023e9ac24e","0x0865a889183039689034da55c1fd12af5083eabf","","0","0","0","0.01917526054841496","36.5344321702895","3229.28","","","Initial Stake",""
"0x07e953a727c32d71b27e5b0ad88a0013a088bc033fc81c6535bc0c09bffda62f","14539865","1649349903","2022-04-07 16:45:03","0xcc2939843eb9b1739187d79a3aa164f59d6f56de","0x0865a889183039689034da55c1fd12af5083eabf","","0","0","0","0.020389826469095184","38.8485324733024","3229.28","","","Initial Stake",""
"0x9f271970847bb99e2faa0d72381d5394f51b64ed36cd9baa336a63bfe19f218c","14539873","1649350011","2022-04-07 16:46:51","0xd01a2311ca001241502394d25bc08b0ad8cd2229","0x0865a889183039689034da55c1fd12af5083eabf","","0","0","0","0.018484627061482304","35.2185750939716","3229.28","Error(0)","Out of gas","Initial Stake",""
"0x5884abcbcf6e32a732fe7f889f0997e80c42af9ca8fcf736b21a23ed9ea89e20","14539895","1649350222","2022-04-07 16:50:22","0x9935eabef41c6f9932579f2eb86bdb77ffd63327","0x0865a889183039689034da55c1fd12af5083eabf","","0","0","0","0.014713970501480544","28.0343808567659","3229.28","","","Initial Stake",""
"0xc31a011619b72f31ceb4e4e5687027d59df98fa564d4c124305b40bd48eea305","14539904","1649350323","2022-04-07 16:52:03","0xd01a2311ca001241502394d25bc08b0ad8cd2229","0x0865a889183039689034da55c1fd12af5083eabf","","0","0","0","0.014141348309437512","26.9433695204882","3229.28","","","Initial Stake",""
"0x5844ec336ba1272f55aaf9327674270e57efb57efd7d67f4dc240e72623f541b","14539918","1649350530","2022-04-07 16:55:30","0x3a1b938670eb674a710e767f3ef2b2e0e976984a","0x0865a889183039689034da55c1fd12af5083eabf","","0","0","0","0.020929161376255836","39.8761218785665","3229.28","","","Initial Stake",""
"0x5e0470d9a7b076f4016677a4cf7bc8a555601499eadbc2e0379d3fd527750cf6","14539929","1649350688","2022-04-07 16:58:08","0xdd98b9e40f29b6e8126db8a0ec683303b7c6626a","0x0865a889183039689034da55c1fd12af5083eabf","","0","0","0","0.01884195878841858","35.899395659986","3229.28","","","Initial Stake",""
"0x1fd7ed2299bce5159b2903eaeb6b1a0e2c5ef9de13d2e4a30f972fced26d1e6d","14539930","1649350712","2022-04-07 16:58:32","0xd3aecf9e0856822bd320873e905ae9f78a2977e7","0x0865a889183039689034da55c1fd12af5083eabf","","0","0","0","0.01916722658953584","36.5191251487767","3229.28","","","Initial Stake",""
"0x69281d7fb96328bf3490b1239b414fc78de2e0b1de89e932bb040538a656914c","14540075","1649352706","2022-04-07 17:31:46","0xd4e26683635bf3dc9ead5f31b935c33cc1ce1838","0x0865a889183039689034da55c1fd12af5083eabf","","0","0","0","0.028769779724885292","54.8147736120267","3229.28","","","Initial Stake",""
"0x70a7bbd33da908b175a6f4f80a2b7e8d1e9b3ce5e5e4c6a07cb1ab775ba41547","14540097","1649353003","2022-04-07 17:36:43","0x11d67fa925877813b744abc0917900c2b1d6eb81","0x0865a889183039689034da55c1fd12af5083eabf","","0","0","0","0.02478412116673416","47.2209382177669","3229.28","","","Initial Stake",""
"0xe6b435e36d53d5226e020547c30821c4329d6a1d2bef87c63f8e399dfe4b826d","14540123","1649353458","2022-04-07 17:44:18","0x864b81c40d8314d5c4289a14eb92f03b9f43b6bc","0x0865a889183039689034da55c1fd12af5083eabf","","0","0","0","0.025669560343341084","48.9079566265643","3229.28","","","Initial Stake",""
"0xad5a47052679b8ff4c0e3ada76e91cc71b24bd7bea733e10a01c2f3688b1521f","14540162","1649353801","2022-04-07 17:50:01","0x11e2463446ae4df20128044aae992f0d07d4a6ad","0x0865a889183039689034da55c1fd12af5083eabf","","0","0","0","0.014206734052542144","27.067948322968","3229.28","","","Initial Stake",""
"0xaaa177ba6a6afbdc11e226f2e1b776d89ed580fd802b21ff0b24730912fc273b","14540306","1649355769","2022-04-07 18:22:49","0xc134041a85edbb3bd9cae36a32486454c1c6e134","0x0865a889183039689034da55c1fd12af5083eabf","","0","0","0","0.019703355394803372","37.5406060001649","3229.28","","","Initial Stake",""
"0x7cebfc61cc937c105c29a84b7ad08a5c581f60876078889578aba7223e8b3ad8","14540456","1649357569","2022-04-07 18:52:49","0x644be8a25be30a21e2dffeae4fc43937fbcf3efd","0x0865a889183039689034da55c1fd12af5083eabf","","0","0","0","0.01509346340041968","28.7574248821856","3229.28","","","Initial Stake",""
"0xc1cdfc07d8b0e08da434a1cef49779d8ad474e880eadcc12f12b8bac53c5bac3","14540567","1649358833","2022-04-07 19:13:53","0xb193da6f9f2252be679fd5b020c22ded01f4ec8d","0x0865a889183039689034da55c1fd12af5083eabf","","0","0","0","0.011853197629755984","22.5837789119978","3229.28","","","Initial Stake",""
"0x1f3ce2b18c4a1fd0a30881daacc401f87de3fd8b92830e30492a4ca3303329ac","14540661","1649360182","2022-04-07 19:36:22","0xbe3026eca9dd524401ceb3b703d7972497332325","0x0865a889183039689034da55c1fd12af5083eabf","","0","0","0","0.016058158784210736","30.5954493499689","3229.28","","","Initial Stake",""
"0x4d8ac6d55e21f5d2164009515cf5971d9280d2337db11fc1df2ba033d05d28ed","14540843","1649362271","2022-04-07 20:11:11","0x33ce1310e0e95bdb74fe3ba755231b0fe1849105","0x0865a889183039689034da55c1fd12af5083eabf","","0","0","0","0.012965424767444736","24.7028941551648","3229.28","","","Initial Stake",""
"0xc00e943fa5edfbc05e15dc484be085e63ab760b0bf2f0ee1169f07552d3ec4a5","14540878","1649362916","2022-04-07 20:21:56","0x4f9484348af66460fc3d5f79f091b6ff4f0aae5f","0x0865a889183039689034da55c1fd12af5083eabf","","0","0","0","0.017858631457126644","34.0258719289488","3229.28","","","Initial Stake",""
"0x888a29264f3d5ae60895da350149240a76462da38a6e34b65045de1650098339","14540920","1649363370","2022-04-07 20:29:30","0x1a2a24e8ac0bd22c4f9b4fdf34bfcd30820246bc","0x0865a889183039689034da55c1fd12af5083eabf","","0","0","0","0.010207606773992724","19.4484511104206","3229.28","","","Initial Stake",""
"0x103b978cf7d41e5cacf1edc05f7936f9e433d11b0ce18c7e23fc7a4cf56115ca","14540929","1649363501","2022-04-07 20:31:41","0xcc3529c09dbeec382804ef0e8ecd18797665eed1","0x0865a889183039689034da55c1fd12af5083eabf","","0","0","0","0.014146992998791344","26.9541242906672","3229.28","","","Initial Stake",""
"0xf901a5be29e03488df3c34915c7afe27b93bdcf0071f7769b5a8afb8b14588e6","14540942","1649363663","2022-04-07 20:34:23","0xf596f9420234ad8ad4486518113680fbf4054420","0x0865a889183039689034da55c1fd12af5083eabf","","0","0","0","0.01081277260039944","20.601467507815","3229.28","","","Initial Stake",""
"0x34cdbbb7a8f0f7e2565e9a49af61f171704fee542288dfa3fb8d08ff575612e5","14540945","1649363673","2022-04-07 20:34:33","0x8aa4243ef5fe3d6ebe375fa6d47a710266cb0caf","0x0865a889183039689034da55c1fd12af5083eabf","","0","0","0","0.010414347685708944","19.8423525021044","3229.28","","","Initial Stake",""
"0x9bd1389299db484eee82e7be52c073e944029bc21a7a90313fd451a4e6f81143","14540945","1649363673","2022-04-07 20:34:33","0xdaccce559a0571083556f39d05b177579613d83b","0x0865a889183039689034da55c1fd12af5083eabf","","0","0","0","0.010414347685708944","19.8423525021044","3229.28","","","Initial Stake",""
"0xb44a4da47a45b00c3c027611fcc6dbf623521b75e4684946c1c82f663d49c88e","14540980","1649364133","2022-04-07 20:42:13","0xba181deb98afc2202202c9aebf26b18f46d70497","0x0865a889183039689034da55c1fd12af5083eabf","","0","0","0","0.012423356412051744","23.6700967383181","3229.28","","","Initial Stake",""
"0x76c71699de098fd1aaf484835c045a697b011ca202cee74a2f0ddb862c8e14c9","14541020","1649364621","2022-04-07 20:50:21","0xb52e056572e091dfa12beb038d898b27292aa4ec","0x0865a889183039689034da55c1fd12af5083eabf","","0","0","0","0.009072292639528608","17.2853484431675","3229.28","","","Initial Stake",""
"0x7ac944165fb2812f72be603d5bd1a83285955997415e8b667c46ee3a9a32abe3","14541071","1649365370","2022-04-07 21:02:50","0xf436f85a9c26fc71afff2e9dd36c0eee66b8e1de","0x0865a889183039689034da55c1fd12af5083eabf","","0","0","0","0.017167822631545704","32.7096807816577","3229.28","","","Initial Stake",""
"0x70ff511305c475ac85bed4c96cdfad23eeac135bddd02a2abf90e217aeb0ea5f","14541078","1649365473","2022-04-07 21:04:33","0xbda0020b6e44db02ca73e65819ad33eea4a2111c","0x0865a889183039689034da55c1fd12af5083eabf","","0","0","0","0.013830796653543108","26.3516785560291","3229.28","","","Initial Stake",""
"0xa33e2e53a5443d9d7f2b93e9b8ea4d87d68ff54b6cff367e2b2ab1b4eced8742","14541087","1649365563","2022-04-07 21:06:03","0x3edc48974ecc602f5648bffbdbb90e766b19556d","0x0865a889183039689034da55c1fd12af5083eabf","","0","0","0","0.01371362659520136","26.1284356155712","3229.28","","","Initial Stake",""
"0xefe3218587dea81506efaf78941445a97b7ad94395d38e28dc255704a2e4b79f","14541156","1649366435","2022-04-07 21:20:35","0x1b87b6ef6de51d272bd30493d0761d9a8de6b3d0","0x0865a889183039689034da55c1fd12af5083eabf","","0","0","0","0.0095127694983207","18.1245845974554","3229.28","","","Initial Stake",""
"0x6ec8953a5504159c82b9eac032008d86135822b57246d9e561750d2ebc645f3f","14541174","1649366630","2022-04-07 21:23:50","0x0e2e091221b1d79cce17f240515443dc139c7d90","0x0865a889183039689034da55c1fd12af5083eabf","","0","0","0","0.010095223695546516","19.2343287548878","3229.28","","","Initial Stake",""
"0x06fbe68061e4e6f6997d1b42b441f98caecca047002a8df4e3f17ca7f85b8c66","14541268","1649367930","2022-04-07 21:45:30","0x0d9686d3c602a458110f43147bcf33bfc3fef135","0x0865a889183039689034da55c1fd12af5083eabf","","0","0","0","0.015171450960188736","28.906013799938","3229.28","","","Initial Stake",""
"0x46538fdff3afc043214b7f70d6d11ffb28b50833fb1ddc3544b2f66e005192ca","14541277","1649368019","2022-04-07 21:46:59","0x2f75ffe98046e4a55fa79daf97b2730d7e707186","0x0865a889183039689034da55c1fd12af5083eabf","","0","0","0","0.0114371951170074","21.791173484483","3229.28","","","Initial Stake",""
"0xb77aa0d559b6aaa8b678aaf9527e20e5d78d7f562088ed14886e367e68e8a0cd","14541292","1649368172","2022-04-07 21:49:32","0x22a8ac0570ddc4b99d295b1d71ff0bde265903f3","0x0865a889183039689034da55c1fd12af5083eabf","","0","0","0","0.011867199640501668","22.6104568030514","3229.28","","","Initial Stake",""
"0xcf6341ead4ff0895496dea00733041883832c06d5efa7332b421258c981c3304","14541314","1649368580","2022-04-07 21:56:20","0xf07cdab23124d5cf2897ec460d691c610103a96a","0x0865a889183039689034da55c1fd12af5083eabf","","0","0","0","0.016691929281051024","31.8029659398937","3229.28","","","Initial Stake",""
"0x84e633ebf8e57deeb78f54c2abc5fec445679ce465eb090c19174e309bafdea5","14541355","1649369303","2022-04-07 22:08:23","0x9282fe119c18b600053399dd608f374afd0d218e","0x0865a889183039689034da55c1fd12af5083eabf","","0","0","0","0.02614161277043352","49.8073533953793","3229.28","","","Initial Stake",""
"0xcfaa4fa873d801eb98d436b671f35ce897ba3ce9ec427b70eb4cc9654d73fd3d","14541392","1649369759","2022-04-07 22:15:59","0x391891af67e29d97e61e30c3036a0874f5da411e","0x0865a889183039689034da55c1fd12af5083eabf","","0","0","0","0.0238710248493423","45.4812249352034","3229.28","","","Initial Stake",""
"0x10e2d11b9da7dfa615656fb080607b05d81a878e64c380e10aa5b5e283e9b542","14541479","1649370924","2022-04-07 22:35:24","0xe49464e503b3a5e97765e5e54666dce2a828652d","0x0865a889183039689034da55c1fd12af5083eabf","","0","0","0","0.016313224711416456","31.0814239104147","3229.28","","","Initial Stake",""
"0x8df6b104b99f1c885f23453a2625022f1920798120f754002fcb20053c625dd6","14541519","1649371613","2022-04-07 22:46:53","0x471eb1312a93c397089fcc569e32ac887fe1856e","0x0865a889183039689034da55c1fd12af5083eabf","","0","0","0","0.015551931848083452","29.6309402308349","3229.28","","","Initial Stake",""
"0x9a71ed4ebe7c7cc66f218957ce24c29c5412ce3fc678a9062aedc1ad0c9ce5e0","14541521","1649371641","2022-04-07 22:47:21","0xd6b01c20918a7ba5d05e81dc59ded322962b4d37","0x0865a889183039689034da55c1fd12af5083eabf","","0","0","0","0.016238966565023712","30.939940606674","3229.28","","","Initial Stake",""
"0x9bba6a7df35fd9a6ed4772e6aacbc5321d44df44dad181184872b1c21e1315e7","14541549","1649372038","2022-04-07 22:53:58","0xf93f775eeb76e69aa76b6785c2dcf16303fe277d","0x0865a889183039689034da55c1fd12af5083eabf","","0","0","0","0.016288210461857628","31.0337645108727","3229.28","","","Initial Stake",""
"0xc644c53a20aa5a877d0c65737305e250dbb632a826b3b4110782b349e6471147","14541559","1649372176","2022-04-07 22:56:16","0x9b19da8bbd711f15767be282d2c2a5ff8cee2d2c","0x0865a889183039689034da55c1fd12af5083eabf","","0","0","0","0.014304936211602468","27.2550519146041","3229.28","","","Initial Stake",""
"0xfec9c9228dfda0b7c601592cdeb28ba05114c1303cedad4bcb118750dd7d4a49","14541562","1649372204","2022-04-07 22:56:44","0x13be6e4686ff8af227befb921bbfdfc997e0573f","0x0865a889183039689034da55c1fd12af5083eabf","","0","0","0","0.012867648","24.51660105792","3229.28","","","Initial Stake",""
"0x4f17b7ff56ccef767941084e3ed2ffe98fbb13768c2df808f34fb99c3b42d265","14541584","1649372509","2022-04-07 23:01:49","0xb7f9f538aa1b41ae2853eb63f1939187ffe70eb4","0x0865a889183039689034da55c1fd12af5083eabf","","0","0","0","0.017750457918295668","33.8197699671496","3229.28","","","Initial Stake",""
"0xc6e04ba30dfdc829864b2a679bfcdfe57d74a0905ccb97d14649b64bcd2d17ca","14541629","1649373050","2022-04-07 23:10:50","0x40c0771f1ad6a3bf551cbbe0436716a394847a44","0x0865a889183039689034da55c1fd12af5083eabf","","0","0","0","0.01834022696250546","34.943451029392","3229.28","","","Initial Stake",""
"0xf24bdbb1ce884dc4b00dfea544c291f80f49ffde15653f90b1d4d3ad53669311","14541635","1649373133","2022-04-07 23:12:13","0x8fa942761e522662bb233f6f520e3c0ae39708a6","0x0865a889183039689034da55c1fd12af5083eabf","","0","0","0","0.019065991433973792","36.3262428192359","3229.28","","","Initial Stake",""
"0xed9c06422daecb7572f804cfebb674f7cb2d08627048dd80321bdfd00fbead14","14541659","1649373522","2022-04-07 23:18:42","0x5d2ca9c220f66a5f181e53bac510fe1e1a0ba268","0x0865a889183039689034da55c1fd12af5083eabf","","0","0","0","0.028266782629037976","53.8564182752798","3229.28","","","Initial Stake",""
"0xda842fa989facf22354e8ec93f924580526e80938d15ab007676a33ef1ab1ab4","14541661","1649373534","2022-04-07 23:18:54","0x6d3c4171d6807378cf6482732873e675d28a8c72","0x0865a889183039689034da55c1fd12af5083eabf","","0","0","0","0.024120073933534632","45.9557356648242","3229.28","","","Initial Stake",""
"0x415dd7304a16f072cbf2c6f3db78b15274b17011affe76b87740ac7c58e3f5da","14541750","1649374786","2022-04-07 23:39:46","0x4ae1ac36eda71d31b01dae5c706d1d741509b124","0x0865a889183039689034da55c1fd12af5083eabf","","0","0","0","0.020040641885720456","38.1832345784443","3229.28","","","Initial Stake",""
"0x2923087e04c92c6b6f38e82990c7555227eea785453858778c3d1205a10523c5","14541787","1649375217","2022-04-07 23:46:57","0xaa0445568a566fcd905b49ed6d91a47edd15519c","0x0865a889183039689034da55c1fd12af5083eabf","","0","0","0","0.015980246883047088","30.4470045838008","3229.28","","","Initial Stake",""
"0x677eceecf03bfbc0b2f64238d503ed8fab773f979220937770012c0b8658c428","14542102","1649379527","2022-04-08 00:58:47","0xf7b10d603907658f690da534e9b7dbc4dab3e2d6","0x0865a889183039689034da55c1fd12af5083eabf","","0","0","0","0.019709507022948432","37.5523266357534","3192.92","","","Initial Stake",""
"0x0e778bad25ca5a0ed796cd0d9e1241f77173a30fc1f5384c4f49ee8e82892f2d","14542215","1649381012","2022-04-08 01:23:32","0xe5ec967f039833b8606b5588c27e85c33043716c","0x0865a889183039689034da55c1fd12af5083eabf","","0","0","0","0.01456503969926172","27.7506244886064","3192.92","","","Initial Stake",""
"0x8ef8ff295be9e2ddd187032a5795dcb09a4c5d162b5cdd20f35a40cc4df7193a","14542266","1649381710","2022-04-08 01:35:10","0x1750f9f65be225fa3c3914dc77c13d739da8fbee","0x0865a889183039689034da55c1fd12af5083eabf","","0","0","0","0.01106496","21.0819576384","3192.92","","","Initial Stake",""
"0x0607623027defec6708f64b9e93ac9d3a3d937612874fdce987559da0d406daa","14542284","1649381969","2022-04-08 01:39:29","0x4cf8be01027ad66c4939181a5b8c5b2b281771f0","0x0865a889183039689034da55c1fd12af5083eabf","","0","0","0","0.018493938149899716","35.2363154176224","3192.92","","","Initial Stake",""
"0x6270630762a211419af769a2d23d8f834954392b3007d6112cbc13fb5db2995b","14542286","1649382049","2022-04-08 01:40:49","0x84dccfb3f3e044229fa00e216e2829725579d97f","0x0865a889183039689034da55c1fd12af5083eabf","","0","0","0","0.016766621232046128","31.9452757672052","3192.92","","","Initial Stake",""
"0x98e5e454486c1d99d1c1cb8eb4e3e2a0cd7c1957cb5605c4f31b93d262795e5c","14542317","1649382527","2022-04-08 01:48:47","0xff92318eec032755d443ae6c877ab09fd27fc2f5","0x0865a889183039689034da55c1fd12af5083eabf","","0","0","0","0.016853832","32.11143757128","3192.92","","","Initial Stake",""
"0x4f84df75ad1976152de3057459d8b3c8af793942c2c520226a90aaeb99f41458","14542387","1649383480","2022-04-08 02:04:40","0xc7b6c16b6032ac35ed5a512622272215ae860156","0x0865a889183039689034da55c1fd12af5083eabf","","0","0","0","0.014115168297981288","26.8934890064608","3192.92","","","Initial Stake",""
"0x1cfd2a7b2f7479b4dee46b81dd2f31bdbed4616bbfacff00c0144eeb52ebb13f","14542414","1649383832","2022-04-08 02:10:32","0xbd251f2d6e8132d44d076f12e0520f2bc74b0013","0x0865a889183039689034da55c1fd12af5083eabf","","0","0","0","0.02128494057724482","40.5539844324188","3192.92","","","Initial Stake",""
"0xb495c4858cab39c79c3acb2b9637f1004a6638fe7138803c0f20997470db3eb9","14542475","1649384712","2022-04-08 02:25:12","0xb0ba26dedc9c1ddae319de606c3b1279e26be57e","0x0865a889183039689034da55c1fd12af5083eabf","","0","0","0","0.013180776076214136","25.11320085025","3192.92","","","Initial Stake",""
"0xd7f8ff06eccebefd7472e763a392f75ce263fe0e1a8c000da88a66257d7d461c","14542506","1649385230","2022-04-08 02:33:50","0xc32b7438b3df7844c9ee799930a2224fe6e26426","0x0865a889183039689034da55c1fd12af5083eabf","","0","0","0","0.0190932875543664","36.3782498444588","3192.92","Error(0)","Out of gas","Initial Stake",""
"0x6da8ab2a95fa8d997a298305455682813bce9d2c2161e8fdd201f0dd5b9158da","14542514","1649385403","2022-04-08 02:36:43","0xc32b7438b3df7844c9ee799930a2224fe6e26426","0x0865a889183039689034da55c1fd12af5083eabf","","0","0","0","0.020749999788212124","39.5347670964827","3192.92","","","Initial Stake",""
"0x049ab2c513160e83ee5b5855c363c5055b0644df4e0964444ee11d6d20d50aa8","14542620","1649386632","2022-04-08 02:57:12","0xbd121117185485b4fa3368690240b826fbd76fbb","0x0865a889183039689034da55c1fd12af5083eabf","","0","0","0","0.011323757461200336","21.5750418532504","3192.92","","","Initial Stake",""
"0xc9f575a41a73a436c478d9ca7806325dee683d56af8f29f3b7bbea4e3e69d9d4","14542642","1649386862","2022-04-08 03:01:02","0xd84b9909a087872efb9b08bae8171625a3ccb653","0x0865a889183039689034da55c1fd12af5083eabf","","0","0","0","0.01138303336935552","21.6879796482994","3192.92","","","Initial Stake",""
"0x6065c32e5325e124b43d2f9eb3d85861cd71399731a092aedc09fba18ca51456","14542680","1649387367","2022-04-08 03:09:27","0x74a2e6a985b33454d39a0b333f51c3315cafc125","0x0865a889183039689034da55c1fd12af5083eabf","","0","0","0","0.0136231962200766","25.9561395261497","3192.92","","","Initial Stake",""
"0x75f131562ac1095e63ba47dbba1ca224387cfa06c30d1ff22d6bc5090b1a9580","14543011","1649392014","2022-04-08 04:26:54","0xabdb1f94bff885bd8933ac4f8aaacda4326491de","0x0865a889183039689034da55c1fd12af5083eabf","","0","0","0","0.010512624","20.02959738096","3192.92","","","Initial Stake",""
"0x7fb8c59e422324e59e6f57a52fe0c3efdaf8b090ce9eeec7115e42ebb42c450a","14543043","1649392373","2022-04-08 04:32:53","0xa4b6ed45dcc760abd5679f7c36066fd3fced0ec0","0x0865a889183039689034da55c1fd12af5083eabf","","0","0","0","0.011938920331080432","22.7471055176042","3192.92","","","Initial Stake",""
"0xcf5b23e799682e52197ac0c76b6379d18278885ff268f7b5200ddccd83cd5f30","14543378","1649396716","2022-04-08 05:45:16","0xdf839bbbe062ae73493a6961fc34849b53f1c154","0x0865a889183039689034da55c1fd12af5083eabf","","0","0","0","0.009106320228120972","17.3501808674366","3192.92","","","Initial Stake",""
"0x6fddb240b2b281083fda6445bf45e71d8a7d1ca895d8786f137092765019fa3b","14543451","1649397708","2022-04-08 06:01:48","0xf930b0a0500d8f53b2e7efa4f7bcb5cc0c71067e","0x0865a889183039689034da55c1fd12af5083eabf","","0","0","0","0.009651146895973716","18.3882336694298","3192.92","","","Initial Stake",""
"0x617573632d4c95f2465484e1cfc049f51914fa50d26a97c222c78a7d09b3355a","14543611","1649399848","2022-04-08 06:37:28","0x1ccb144b700ec726d37db38c617e154de6d9c0d0","0x0865a889183039689034da55c1fd12af5083eabf","","0","0","0","0.010059282728975984","19.1658507906907","3192.92","","","Initial Stake",""
"0x7b6f2fc386fd8151639577b2f43ef48924c83e9481c0229d91605da88aac3e34","14543620","1649400035","2022-04-08 06:40:35","0xbbaca87124b71a3a3cd29846c7a3ce0c493864e2","0x0865a889183039689034da55c1fd12af5083eabf","","0","0","0","0.0130979608337052","24.9554137968502","3192.92","","","Initial Stake",""
"0xd6b9a2d45047dfc6943181ed5dffe55e79569837988e324311bd59581899acd3","14543627","1649400100","2022-04-08 06:41:40","0xa7a6a13d550180a397817a1bb5e896e5dcae4606","0x0865a889183039689034da55c1fd12af5083eabf","","0","0","0","0.010181610343530876","19.3989203714259","3192.92","","","Initial Stake",""
"0x5410e01760fb0416975c05b5c4d12a7800b77f2e49a7ccb963d076eb2094b485","14543693","1649401266","2022-04-08 07:01:06","0xcd36b622085c508404ddaaca943eb69ad8113ff7","0x0865a889183039689034da55c1fd12af5083eabf","","0","0","0","0.00945420868203336","18.0130092597913","3192.92","","","Initial Stake",""
"0x4b8206fb089e9221a70c5019ec8a85ea1a05291f329cd05a580452fcc7739898","14543758","1649402159","2022-04-08 07:15:59","0x301481d22a64e7dea6c44c68ad3030a4132c81c3","0x0865a889183039689034da55c1fd12af5083eabf","","0","0","0","0.009130103227464844","17.3954943782565","3192.92","","","Initial Stake",""
"0x892a0000111c66e2837b36a3fb35e3274a6fb019400cbcc00bc8376b1ade4895","14543787","1649402638","2022-04-08 07:23:58","0x4c4b46abe88f996d1b3b4a8fa41876535675ef1e","0x0865a889183039689034da55c1fd12af5083eabf","","0","0","0","0.009339614976399456","17.7946750183841","3192.92","","","Initial Stake",""
"0x40693482e2d2d12e3eb65dc716239d6de3991d81a8b2b59a0ff0eb941d880de9","14544043","1649406441","2022-04-08 08:27:21","0x1b1d046a1001fd6fd4d11f204c7464989d621d92","0x0865a889183039689034da55c1fd12af5083eabf","","0","0","0","0.01215276194587806","23.154535807862","3192.92","","","Initial Stake",""
"0x2884c0cf0fb943c1ffcd290ef8cdd7ae74a0902cef5d2f80a8c202dfbe5033cf","14544118","1649407506","2022-04-08 08:45:06","0xd48d664965286ddea41e97784d079de981d099b6","0x0865a889183039689034da55c1fd12af5083eabf","","0","0","0","0.010365354557365864","19.7490063846036","3192.92","Error(0)","Out of gas","Initial Stake",""
"0x316dfed03c5bef66b99b52d86dea725cbc90e28f5db9ca1088e964a2684dee61","14544124","1649407602","2022-04-08 08:46:42","0xd48d664965286ddea41e97784d079de981d099b6","0x0865a889183039689034da55c1fd12af5083eabf","","0","0","0","0.011164704012012324","21.271998907047","3192.92","","","Initial Stake",""
"0x5e6577acc9069541014d264f145c7601c1e78e6463906086b2a453e81bbb11cc","14544353","1649410520","2022-04-08 09:35:20","0xf4dcc8993d097093303e3e50d7a27e36fb1a6eb5","0x0865a889183039689034da55c1fd12af5083eabf","","0","0","0","0.010460834090731116","19.9309225847291","3192.92","","","Initial Stake",""
"0xdbe0c071888119a0286cea4ab34a8dff94462f76d6f32d9ee333c697be8e542e","14544424","1649411556","2022-04-08 09:52:36","0xd819c62dde216ef3b508d348542b59477efd606f","0x0865a889183039689034da55c1fd12af5083eabf","","0","0","0","0.00971866","18.5168657114","3192.92","Error(0)","Out of gas","Initial Stake",""
"0x23ff29c583fcc7efe4a2d1b3e5ac46bacca74b6bc661e6985ab100e676ec1877","14544429","1649411597","2022-04-08 09:53:17","0x48aa9d67cb713804c005516bca7769c159d7897c","0x0865a889183039689034da55c1fd12af5083eabf","","0","0","0","0.008806940329198672","16.7797753398189","3192.92","","","Initial Stake",""
"0xc9b75ce11a14dda0a7b370e2fb57646de2cac8d3c07d3f99bc7406675f40da12","14544439","1649411705","2022-04-08 09:55:05","0xd819c62dde216ef3b508d348542b59477efd606f","0x0865a889183039689034da55c1fd12af5083eabf","","0","0","0","0.009405216","17.91966399264","3192.92","","","Initial Stake",""
"0xfd6c388fdde90faa065077c8473aec5687c4f515604d3a63223a134fd6532226","14545012","1649419521","2022-04-08 12:05:21","0xc1129c95d9f16a17f80efcbde4f1b536c484c1d6","0x0865a889183039689034da55c1fd12af5083eabf","","0","0","0","0.01150375924113192","21.9179974445362","3192.92","","","Initial Stake",""
"0x8dfe1f8ad33597881b92d139c5042968f9bd37ea70a84b06fc1af72e38cdc2cd","14545058","1649420131","2022-04-08 12:15:31","0x821e3f3bb33cf667b98339bebe8a3e3c693b6eb4","0x0865a889183039689034da55c1fd12af5083eabf","","0","0","0","0.009822118698206376","18.7139845345056","3192.92","","","Initial Stake",""
"0x5751aef1b859a6b72dcd0b2e007004249744a60ed3b0287449c424a996570470","14545147","1649421405","2022-04-08 12:36:45","0x8edf3624a4bee9cc5e4bc46b4daf872255bf25ac","0x0865a889183039689034da55c1fd12af5083eabf","","0","0","0","0.013598224694533052","25.9085615282469","3192.92","Error(0)","Out of gas","Initial Stake",""
"0x2b9a6f9ed4268710b22f0c9d6c3019020682139338b9e01a5d287f8d92a215a6","14545152","1649421468","2022-04-08 12:37:48","0x8edf3624a4bee9cc5e4bc46b4daf872255bf25ac","0x0865a889183039689034da55c1fd12af5083eabf","","0","0","0","0.012876203218221504","24.5329012296453","3192.92","","","Initial Stake",""
"0xb9217884bfd396976835f5fb1d017e4fecb0f5baf17d23709b1a923a6e128e38","14545189","1649421890","2022-04-08 12:44:50","0x95f35ca431cf7c5c7eb7cc66071c35f2d516491d","0x0865a889183039689034da55c1fd12af5083eabf","","0","0","0","0.00867376005336456","16.526028292075","3192.92","","","Initial Stake",""
"0x9f1d6e365b41b97f3a3e1840fe1bd943f1e097c00bbb34743e882cccdf504396","14545340","1649423763","2022-04-08 13:16:03","0xdac71eaad0aee5c4eb45f9284900d7a2b9561327","0x0865a889183039689034da55c1fd12af5083eabf","","0","0","0","0.012777020372529504","24.3439291455767","3192.92","","","Initial Stake",""
"0x1a5855ffbc927bd90a5a66e14f10f4bc55bb9705f37a15c5fba35478f89a5e37","14545347","1649423801","2022-04-08 13:16:41","0xf78a149be085ff02bc5de35578d52055a47a619e","0x0865a889183039689034da55c1fd12af5083eabf","","0","0","0","0.013430316866924808","25.5886484233832","3192.92","","","Initial Stake",""
"0x9639eaa77f4e4a19070858955a97cc10e29978838f896c8e1a20d6229d79d85b","14545536","1649426288","2022-04-08 13:58:08","0x14730014eea880f2d52ac0b67442c485242d9b9c","0x0865a889183039689034da55c1fd12af5083eabf","","0","0","0","0.01216866382441026","23.1848334980106","3192.92","","","Initial Stake",""
"0xb65c322c027cb2bba79a459040aa1ace817b755197836a554f5973b808fe1e31","14545568","1649426685","2022-04-08 14:04:45","0xcdb2de3c7e3523f943904bdaab94e316853601ee","0x0865a889183039689034da55c1fd12af5083eabf","","0","0","0","0.014295922186800348","27.2378775832888","3192.92","","","Initial Stake",""
"0x97dc27186e2bfc826e2ebbf3fe5499646dff8db40df66cfcbf4a1f46e7ebfdb1","14545636","1649427590","2022-04-08 14:19:50","0xdeb263240eadf03bffdc6036ce652fe4cec96d2c","0x0865a889183039689034da55c1fd12af5083eabf","","0","0","0","0.013231239432027624","25.2093481774479","3192.92","","","Initial Stake",""
"0x73e387778a658714d5aa92b4f29f80f04d3b74f8b6b52fdef4035207cf6a26b8","14545691","1649428305","2022-04-08 14:31:45","0x17d2b1b51fb36ef6f8e397feee9e0c98ad8eab60","0x0865a889183039689034da55c1fd12af5083eabf","","0","0","0","0.014475626561948976","27.5802665322158","3192.92","","","Initial Stake",""
"0x42406eadb5775a8d816c1f15ece90f427aa2fa8eb5ebd0f91f23df4b48b3eab7","14546177","1649434744","2022-04-08 16:19:04","0x67ad62e37e5e76f40105fc441f502ba79ca24265","0x0865a889183039689034da55c1fd12af5083eabf","","0","0","0","0.01510697145930912","28.7831616517071","3192.92","","","Initial Stake",""
"0xce9bf54b3eb7eaaa539aef91a752fca83de9ebeb8c0e0bc6f42b43e12b38f9b9","14546182","1649434786","2022-04-08 16:19:46","0xb5b4e44415fd0bbd21f848dfeaf064dc2fb1e8a1","0x0865a889183039689034da55c1fd12af5083eabf","","0","0","0","0.016574795247328128","31.5797916367818","3192.92","","","Initial Stake",""
"0x2eda88def0ca272aff8b75630cf2e6a9515258d3981f3f899344c20e0c66311f","14546188","1649434870","2022-04-08 16:21:10","0x96a8e25128f088005226be0b7155e133dfa62f73","0x0865a889183039689034da55c1fd12af5083eabf","","0","0","0","0.01429629793669008","27.2385934957962","3192.92","","","Initial Stake",""
"0xc69dfcf30e2e019d7a1f80d0bfece0235effd5edd6486bef0e4212a6697b23eb","14546508","1649439296","2022-04-08 17:34:56","0x357dfdc34f93388059d2eb09996d80f233037cba","0x0865a889183039689034da55c1fd12af5083eabf","","0","0","0","0.024740609208853236","47.138035319536","3192.92","","","Initial Stake",""
"0x94901e1d6d5687dfb5a4e190e252c838ea9e9f3d4aab2adf7376e930cb1e0659","14546529","1649439610","2022-04-08 17:40:10","0xbefe9091541d2fd2bb2b931536fbee0383c4c4e0","0x0865a889183039689034da55c1fd12af5083eabf","","0","0","0","0.022231930220767716","42.3582743303265","3192.92","","","Initial Stake",""
"0x2b70015f120073f113f02acf34a759b7c16a59e87dfc43902b92d1196dc64f47","14546540","1649439736","2022-04-08 17:42:16","0xa9d0af4df087c15f67862f1f03582b6755715978","0x0865a889183039689034da55c1fd12af5083eabf","","0","0","0","0.018439030251884544","35.1316999486131","3192.92","","","Initial Stake",""
"0x742b6f4886478232b1e63879f60817acd354e6f63511691a276751416a91f0bc","14546581","1649440383","2022-04-08 17:53:03","0xf7476db5b717ac661c027e684456115ab1e728c3","0x0865a889183039689034da55c1fd12af5083eabf","","0","0","0","0.023555346156237312","44.8797654780174","3192.92","","","Initial Stake",""
"0xdc50c434d5994ee3ddb3a329773350d08213d2ab59b6d0cdd70b7494c5f0c493","14546685","1649441650","2022-04-08 18:14:10","0x8114e78965b7f7e52e35b2cfbe33973a4ef320cb","0x0865a889183039689034da55c1fd12af5083eabf","","0","0","0","0.014790197903437152","28.1796161634398","3192.92","","","Initial Stake",""
"0x004b67c86b8894e2ab10e95ae228486c20d6fbb150c11597fd9625bb7e27f03c","14547250","1649449390","2022-04-08 20:23:10","0x942bfcc165f1a54f107a42897454246c670acde7","0x0865a889183039689034da55c1fd12af5083eabf","","0","0","0","0.016402707149168328","31.2519139042389","3192.92","","","Initial Stake",""
"0x91613f070cf14b63d36b427e0b62f90233c6e291d735d9e549afe531502bbc01","14547650","1649455034","2022-04-08 21:57:14","0x942bfcc165f1a54f107a42897454246c670acde7","0x0865a889183039689034da55c1fd12af5083eabf","","0","0","0","0.01765659991030144","33.6409432430982","3192.92","","","Initial Stake",""
"0xcd0a6c7505a7d439ab8860a616accb8c562bb099bc71681f8a508fbb9df98af9","14576347","1649842201","2022-04-13 09:30:01","0x57b18f9302306c4d655802f2be3575147bf7bee3","0x0865a889183039689034da55c1fd12af5083eabf","","0","0","0","0.009343541640771691","17.8021564527459","3118.50","","","Initial Stake",""
"0x75949858d84f6458fa9efcae69ed896bf1c2cb6f605fd0ef4268c4614708010f","14593745","1650076745","2022-04-16 02:39:05","0x43630db375f1a1943155e3bb9c3ab8fe24091c58","0x0865a889183039689034da55c1fd12af5083eabf","","0","0","0","0.009305552807185327","17.7297767080021","3060.28","","","Initial Stake",""
"0xc2c0251f44d51991660e98097afb55da378990e2cda69eb3bfff630b79f29e88","14598076","1650134846","2022-04-16 18:47:26","0x7ee85ec0744fab13ae27d21695338d08e55f0039","0x0865a889183039689034da55c1fd12af5083eabf","","0","0","0","0.011115316177211869","21.17790075928","3060.28","","","Initial Stake",""
"0x00858c55dc98e5b00b2d2208d2a807692d6bb9840f1f95339aef05fd0c5425cb","14600991","1650173492","2022-04-17 05:31:32","0x10216d6b520a9e033769393c65c2efd94303684b","0x0865a889183039689034da55c1fd12af5083eabf","","0","0","0","0.004943540989909459","9.41887921266459","2988.40","","","Initial Stake",""
"0x98f8e9c402505c9dbd51d2154e92427c08624cea35ffad246d03f6752ac2bbe7","14605216","1650231611","2022-04-17 21:40:11","0x8e5e01dca1706f9df683c53a6fc9d4bb8d237153","0x0865a889183039689034da55c1fd12af5083eabf","","0","0","0","0.007793822719585591","14.8494924893992","2988.40","Error(0)","Out of gas","Initial Stake",""
"0x17698de4bc4bc5c03db3301e5903df2b5825f21205ed5b71456f298050b64d34","14605222","1650231701","2022-04-17 21:41:41","0x8e5e01dca1706f9df683c53a6fc9d4bb8d237153","0x0865a889183039689034da55c1fd12af5083eabf","","0","0","0","0.006997602507166369","13.332462080879","2988.40","","","Initial Stake",""
"0x9f9076a0584c317074cd41dac1312041d1af0ac08fa2ba8a81174a002a3a5abf","14606939","1650254704","2022-04-18 04:05:04","0xe5aedd6520c4d4e0cb4ee78784a0187d34d55adc","0x0865a889183039689034da55c1fd12af5083eabf","","0","0","0","0.006320422084175667","12.0422369927591","3056.20","","","Initial Stake",""
"0xf3a98b90e26e399b30c60589b8f94790977ccd4b2e905a39033ae340b33f8724","14608744","1650278990","2022-04-18 10:49:50","0xbf8641831d15c2701ba122981c3d7a6a2533ea48","0x0865a889183039689034da55c1fd12af5083eabf","","0","0","0","0.00456855111065556","8.70441474562093","3056.20","","","Initial Stake",""
"0x0bb29b05d5b6dc9b9f45fc3f823857102847201001127f2252c17a2f3f3cba65","14612056","1650324031","2022-04-18 23:20:31","0x634ed8c2df8fbe613ee25debe1a460b4df2487d7","0x0865a889183039689034da55c1fd12af5083eabf","","0","0","0","0.008418393883294986","16.0394816819031","3056.20","","","Initial Stake",""
"0xd00409ae256e7c85f4bd0aa297688e7edd629c7ce4bbd4dee6619f2c3029a71b","14612784","1650333526","2022-04-19 01:58:46","0xb400486a30ae70b7293d4587ada484d88418d751","0x0865a889183039689034da55c1fd12af5083eabf","","0","0","0","0.006415846578366806","12.2240483272965","3102.52","","","Initial Stake",""
"0x05d6ff5ffcc95cd2cf547d22f9da5b74a17b55e189e7f7da170a0b25ec867562","14612823","1650333986","2022-04-19 02:06:26","0x59070f02fa3693bb7af1a41e80cc0ae3f1509e4b","0x0865a889183039689034da55c1fd12af5083eabf","","0","0","0","0.00705149270881972","13.4351385431871","3102.52","","","Initial Stake",""
"0x1be55aa6959e6ee0328da32cb14a57e92eff97026858a19f08c138213f87e4bb","14613469","1650342659","2022-04-19 04:30:59","0x977c827a997e6cb67e70daeaa7145b17d0cb8bda","0x0865a889183039689034da55c1fd12af5083eabf","","0","0","0","0.00874604161345915","16.6637456257076","3102.52","","","Initial Stake",""
"0x35539935f8e5960e90d69ac72c907ee97136ef5679407e8c040851d58d90676c","14613761","1650346957","2022-04-19 05:42:37","0x481787bba8c56f801db8bdb336844b771c011246","0x0865a889183039689034da55c1fd12af5083eabf","","0","0","0","0.006756053374438874","12.8722409337846","3102.52","","","Initial Stake",""
"0xfc355034cfb7ebdd666ec0413fa6b80a14db3d904f5ca2955bf0ecd9f52b9d1e","14639526","1650695841","2022-04-23 06:37:21","0x9fa10388d2bb8b7d8a2c8586772876d6302d4cb3","0x0865a889183039689034da55c1fd12af5083eabf","","0","0","0","0.006765816","12.89084156664","2933.65","","","Initial Stake",""
"0x884c7af43fb1cfec370616799b94ccb12eff291e055feefd3e54917b7ef6908a","14641570","1650723710","2022-04-23 14:21:50","0x1cd7da537c779d127376851fc7680cad5d2a32e7","0x0865a889183039689034da55c1fd12af5083eabf","","0","0","0","0.010538433865823731","20.0787726602153","2933.65","","","Initial Stake",""
"0x7ee972ca6f8aed16d7ff9fd7bf1e3d1d83af08691fc9ed388536363622f7e010","14643917","1650755083","2022-04-23 23:04:43","0x9e2e00aab67c3a7b827eb3e431c4a6c2077510a6","0x0865a889183039689034da55c1fd12af5083eabf","","0","0","0","0.005173415","9.85685586535","2933.65","","","Initial Stake",""
"0x41ce8be9b70a8a9abba259cfdeb366ec698d0fdd8d45eb3a305c0aac648b052c","14644586","1650764241","2022-04-24 01:37:21","0x8c228d8c83ba1c37dc7d328a943f3d41500d1ef3","0x0865a889183039689034da55c1fd12af5083eabf","","0","0","0","0.007785593304103937","14.8338130663762","2922.37","","","Initial Stake",""
"0xfd64e8f635b852574f23e912df2453a4b03d6c15b7e0220a6af532a2ab894711","14646802","1650794313","2022-04-24 09:58:33","0xf67336e671f1588d71c8f1e50a79c2715717e07a","0x0865a889183039689034da55c1fd12af5083eabf","","0","0","0","0.005346010974169824","10.185701248976","2922.37","","","Initial Stake",""
"0xf1df774269278c32d709f22507660bba5844559486a5c7aa2053240e96012dd4","14660508","1650981260","2022-04-26 13:54:20","0x5c466e3ba27381c722b78ab836ff62df14e0bcc9","0x0865a889183039689034da55c1fd12af5083eabf","","0","0","0","0.015595247244261893","29.7134686220197","2809.60","","","Initial Stake",""
"0x82f57c49f16619c063b347e85db22059c9cfc0aa2087a19e766f2f5635b95964","14665738","1651052435","2022-04-27 09:40:35","0xbf861d09615543c419c749ea8cbeb720e3b3e3ad","0x0865a889183039689034da55c1fd12af5083eabf","","0","0","0","0.00761184412026885","14.502770483907","2889.72","","","Initial Stake",""
"0x6cae9a3e15fda2e614119741f6ddebb9fedf06855924455dbccfb825790ed13c","14671926","1651135902","2022-04-28 08:51:42","0x9a608d9f416518b5f11acf3dc5594c90d6998e2c","0x0865a889183039689034da55c1fd12af5083eabf","","0","0","0","0.006650616","12.67135215864","2936.49","","","Initial Stake",""
"0xf9ac6cf32150fccbc3f64a99be6664d0d09e4159eee260419ead99650f821870","14690301","1651385204","2022-05-01 06:06:44","0x2aee3234eaed102777688544daa54441fb3b47f5","0x0865a889183039689034da55c1fd12af5083eabf","","0","0","0","0.038942882229718168","74.1974840834597","2826.04","","","Initial Stake",""
"0x0d3f072ef039f71893e148add48e196d4d773f7cbac428df9b14f1c3e9600cbf","14702601","1651553050","2022-05-03 04:44:10","0x9cc30a6b421c4e6be8547b8d694a46adf45e8f87","0x0865a889183039689034da55c1fd12af5083eabf","","0","0","0","0.013363126866363662","25.460631987214","2780.63","","","Initial Stake",""
"0xde08f9448ae1bb2d401ffc0e783a6aeda4bded0fb212a124eee8c91b6340ddd3","14704585","1651580040","2022-05-03 12:14:00","0x30bf85e1d0bc7fdedcbeeff39225d8037cb0cb7c","0x0865a889183039689034da55c1fd12af5083eabf","","0","0","0","0.012192796","23.23081229084","2780.63","","","Initial Stake",""
"0x44c3b176aa8d5957370d3b4707858d5a998fc03d7a249a59729e42fab64c232b","14714439","1651715234","2022-05-05 01:47:14","0x82eb60d17e1b39c97b175777ea1319cd77cfaeda","0x0865a889183039689034da55c1fd12af5083eabf","","0","0","0","0.009403090781047769","17.9156148342225","2747.28","","","Initial Stake",""
"0x151dd062906efa498e21239d845dab49619a04b2a5e86118dc6d8481be032800","14717423","1651756099","2022-05-05 13:08:19","0xeeda7f71df5a589a9b8c5794aa3d28d66a4ee672","0x0865a889183039689034da55c1fd12af5083eabf","","0","0","0","0.0165432167044298","31.5196253547831","2747.28","","","Initial Stake",""
"0x0e8d81077b8e5fc71328f08a0a464f97e35cd3cec0464dc0b77d265959e47cca","14724948","1651859508","2022-05-06 17:51:48","0xe7765e5bb4562245c274194101c1ad1da417a033","0x0865a889183039689034da55c1fd12af5083eabf","","0","0","0","0.012932298995462288","24.6397799530643","2692.08","","","Initial Stake",""
"0x6644fd62071eb8452c81930e8efb35e859655fae7b4abc946744d013813bd0c4","14725569","1651868114","2022-05-06 20:15:14","0x0c43d79baeba1acb896b4e35f02615eb25c3e4aa","0x0865a889183039689034da55c1fd12af5083eabf","","0","0","0","0.009034042335700096","17.212470521786","2692.08","","","Initial Stake",""
"0x81d351875cb032d56daa38e09e60098aee9d2d96f96eb5baecba5dde715dbf7f","14731213","1651945716","2022-05-07 17:48:36","0xcec771b3ab9204c4eb0b731111658e7c8ba539cf","0x0865a889183039689034da55c1fd12af5083eabf","","0","0","0","0.007386556084608239","14.0735314424432","2635.19","","","Initial Stake",""
"0x7ce38b543bd4377c8acdf6c7f0e516d5aafde9109ef2761e6c86d19693c838f1","14732513","1651963510","2022-05-07 22:45:10","0x13ae5042d3abe5371b6b24b73e57ec718222a4da","0x0865a889183039689034da55c1fd12af5083eabf","","0","0","0","0.005186678360956406","9.88212641434663","2635.19","","","Initial Stake",""
"0x93f3ffb7aa6ab76fae137b851f70cffe644c74b6c93929024e3f35d571ff61b5","14733546","1651977757","2022-05-08 02:42:37","0xcec771b3ab9204c4eb0b731111658e7c8ba539cf","0x0865a889183039689034da55c1fd12af5083eabf","","0","0","0","0.009654655154160123","18.3949179186697","2519.08","","","Initial Stake",""
"0xadb96dda5a9aa9173d88f12d1dd0a156790be7497fdc5a179f05c504c2ee4c3b","14734185","1651986958","2022-05-08 05:15:58","0x5d0e6a02ffda33516b170015b400eab91f130c9d","0x0865a889183039689034da55c1fd12af5083eabf","","0","0","0","0.004919175855822687","9.37245656634041","2519.08","","","Initial Stake",""
"0xe4c3e463a829c54c84741f4ec4559a18c3892b289654ebf76d4bb1d90bf3230a","14741778","1652090522","2022-05-09 10:02:02","0xeffdc0cfcf0131c39208c14033142b6c2d1a863f","0x0865a889183039689034da55c1fd12af5083eabf","","0","0","0","0.007500608893480619","14.2908351186597","2230.95","","","Initial Stake",""
"0x0b42f93534d3b3e35ee2a4286a1d52e0d6017f50b971cf2a25d5e2b9fe9657d1","14777466","1652583347","2022-05-15 02:55:47","0xf3eab2365c8689d7d429e9cf03c78b29f07907b1","0x0865a889183039689034da55c1fd12af5083eabf","","0","0","0","0.007411669045363239","14.1213789154401","2143.12","","","Initial Stake",""
"0x0f10fc6b45c26bf49fa298b8fd22bfb458d52525387b4a0d856795b0da588768","14779245","1652608088","2022-05-15 09:48:08","0x578dcf77ba084eccdc34723fc32153fbc36abe23","0x0865a889183039689034da55c1fd12af5083eabf","","0","0","0","0.004066986383669087","7.74878848694087","2143.12","","","Initial Stake",""
"0x4384cebfaf29bd08e4281878f0df06615efd5f12342647b0024aae0752a4d375","14781079","1652633500","2022-05-15 16:51:40","0x886cf30e5f7c6f69ef1be1173a53a6dd04e76966","0x0865a889183039689034da55c1fd12af5083eabf","","0","0","0","0.00831291","15.8385042939","2143.12","","","Initial Stake",""
"0xabdae529b8bf03b5f174a87bcedbdfb38048fbe461e05a0f2b213271a044cc19","14785873","1652699092","2022-05-16 11:04:52","0x9e03eb454d58688334fa14e0d46252fa2513a92c","0x0865a889183039689034da55c1fd12af5083eabf","","0","0","0","0.004710853","8.97554111237","2020.12","","","Initial Stake",""
"0xf1a30706a804003f47f948f71c33d395831637d567d61e3a5f7d3efdf1712b2f","14791522","1652776773","2022-05-17 08:39:33","0xac0ea85f1c2f0b07e2862ba1cc4da36150a4faab","0x0865a889183039689034da55c1fd12af5083eabf","","0","0","0","0.00673061954716921","12.823782117026","2089.29","","","Initial Stake",""
"0x0b79503e7afcecc7b7b9710e52da52882c350f0b3fc5a9980d5613ee718b7e72","14828520","1653294732","2022-05-23 08:32:12","0x62d51fa08b15411d9429133ae5f224abf3867729","0x0865a889183039689034da55c1fd12af5083eabf","","0","0","0","0.005444561078421878","10.3734677771064","1970.70","","","Initial Stake",""
"0x785b2d29c021f7ff4536359360dad967e966d56790bb7165143ef970b5edba70","14862661","1653773930","2022-05-28 21:38:50","0x5050dceb1d3c031543548711208701d910a5334a","0x0865a889183039689034da55c1fd12af5083eabf","","0","0","0","0.003411300216774049","6.49951619001743","1790.79","","","Initial Stake",""
"0x6733548fe4e686aa75b11baf18774c739912acfd9baed090ba1fd2ed00ba9dd0","14865230","1653809744","2022-05-29 07:35:44","0xbedd3062a3bde463b22d01bb985401729d556a8d","0x0865a889183039689034da55c1fd12af5083eabf","","0","0","0","0.003341728658595966","6.36696219593631","1811.69","","","Initial Stake",""
"0x55d1010bf5479314b662c9ef9faa50fda2a950660753ef64f8580daae26bbbb9","14865486","1653813412","2022-05-29 08:36:52","0xd2dc3adde00faf9f89b40a71071837410e321727","0x0865a889183039689034da55c1fd12af5083eabf","","0","0","0","0.003320129520574538","6.32580957425546","1811.69","","","Initial Stake",""
"0x628736197fb65ad059bc8fe4ed39c29331bae22d01ee046180fbb6934017ec12","14865830","1653818221","2022-05-29 09:57:01","0x10fa00823d930bd4ab3592cded68d830da652d22","0x0865a889183039689034da55c1fd12af5083eabf","","0","0","0","0.00277085","5.2792727965","1811.69","","","Initial Stake",""
"0x3382ae40513dc23bf97293cb78776c246f60a8f5f2c6071b1e55b18a269cebcd","14908107","1654417975","2022-06-05 08:32:55","0xda90f94194f093db4f27e10a4d0289cee9602459","0x0865a889183039689034da55c1fd12af5083eabf","","0","0","0","0.006242836703524541","11.8944143428583","1804.70","","","Initial Stake",""
"0x676ba0cd566804f0e8eb0e977f7decdb9c1df07763612336be561e845d0802e4","14909443","1654436891","2022-06-05 13:48:11","0x94ddee5ff016be756882ab37714013e9b199ccc6","0x0865a889183039689034da55c1fd12af5083eabf","","0","0","0","0.010076019308986526","19.1977388292189","1804.70","Error(0)","Out of gas","Initial Stake",""
"0x16140f7c736899e3862dbdb7aacbf38ee920df384071eee91586028494448e18","14909449","1654436967","2022-06-05 13:49:27","0x94ddee5ff016be756882ab37714013e9b199ccc6","0x0865a889183039689034da55c1fd12af5083eabf","","0","0","0","0.009310465569962986","17.7391369457948","1804.70","","","Initial Stake",""
"0x07be3cd5fd6fef113e70ef37c093fcb7e1da78104099da3d13fc5240b8918360","14927268","1654699569","2022-06-08 14:46:09","0xf2f7ad044dfbaa417249c8568788d7aa1e6f155b","0x0865a889183039689034da55c1fd12af5083eabf","","0","0","0","0.013342906745064876","25.4221067923047","1791.03","","","Initial Stake",""
"0x39d86d8e06eab84758383f3eac25f67922eecc2ccce68bd65b27be3ca10fa652","14932553","1654777122","2022-06-09 12:18:42","0x4ab3d7f4c46e511ca09eecdac483e43ed96bd7aa","0x0865a889183039689034da55c1fd12af5083eabf","","0","0","0","0.013663216310711539","26.0323894046356","1787.71","","","Initial Stake",""
"0x3599e69ee53a8c56f27d9ebd8e1418bc14cd6b11d06a0ffad1f3dd7e512325c6","14972396","1655368837","2022-06-16 08:40:37","0x91831208ef824bbb986996312f2f0d92cca7bb90","0x0865a889183039689034da55c1fd12af5083eabf","","0","0","0","0.008113703635841293","15.4589584003321","1067.10","","","Initial Stake",""
"0x49b6788b24f2d25a56826667772aeba0b565176962d1fd19b4ac7899d5b852a1","14977275","1655441069","2022-06-17 04:44:29","0x15d67fc9deec198977688c7a25a8db2ca2b477ac","0x0865a889183039689034da55c1fd12af5083eabf","","0","0","0","0.007001656420839923","13.3401859620621","1085.21","","","Initial Stake",""
"0x0d890a44887e1c91a0d8f28959ac9fcc6d7ce9ea5791131af876e56995f816a2","14978947","1655465449","2022-06-17 11:30:49","0x364f4b2eee8920b6e476dfd4e531b6fd6bfc14cf","0x0865a889183039689034da55c1fd12af5083eabf","","0","0","0","0.00096192754557423","1.83275093330712","1085.21","Error(0)","Reverted","Initial Stake",""
"0xb6e82bc1a41825b0ed3ba3b235db0911e71cbbbbf742ac136e27c0c62d608813","14981173","1655498172","2022-06-17 20:36:12","0x32a59b87352e980dd6ab1baf462696d28e63525d","0x0865a889183039689034da55c1fd12af5083eabf","","0","0","0","0.006086514532590219","11.5965752737988","1085.21","","","Initial Stake",""
"0x08e1de141d65554fa7a5c5e0a08cbdf79e0f52244178a9766ddc4e23cdb4e5fc","14989290","1655619266","2022-06-19 06:14:26","0xc93505a56396456b49e20ddb46a01b780aa87990","0x0865a889183039689034da55c1fd12af5083eabf","","0","0","0","0.003394863710066015","6.46819987815168","1127.03","","","Initial Stake",""
"0xeeead1b5d6a6e4aaef3d35a333497b2b5d3775247b35041728f23f7092467132","14990240","1655633585","2022-06-19 10:13:05","0x364f4b2eee8920b6e476dfd4e531b6fd6bfc14cf","0x0865a889183039689034da55c1fd12af5083eabf","","0","0","0","0.004235436033533894","8.06973392033179","1127.03","","","Initial Stake",""
"0x00331ac8c8b81b547ae663455202054700b0fa43c9d87fe8118e96b72a88d527","14990851","1655642716","2022-06-19 12:45:16","0x6b820d74b6d0b9ed0a8ebbffaecdc32a854e952e","0x0865a889183039689034da55c1fd12af5083eabf","","0","0","0","0.004570596269495105","8.70831136630633","1127.03","","","Initial Stake",""
"0x1dcd3fc3ce647110e8026b8a2f1cd9393537d0a9ce6c47881c5c0903e34f0840","14995768","1655717032","2022-06-20 09:23:52","0xd88f8e62c6a0a193d9f920c04b3a7c778ef32381","0x0865a889183039689034da55c1fd12af5083eabf","","0","0","0","0.004228455","8.05643302695","1126.99","","","Initial Stake",""
"0xad876798be3007903bc9dc8cf0a5071c09d9c897e00daa12486ffb09d498627f","14996403","1655725804","2022-06-20 11:50:04","0xb6943c2e791fba7abc45f208b8e78860069c228c","0x0865a889183039689034da55c1fd12af5083eabf","","0","0","0","0.005665514093051221","10.7944473463496","1126.99","","","Initial Stake",""
"0x931ef7a48ff9d66fccf26cc6babdad4d3f39779dfabf8802ec56abf4879fd376","14999861","1655776222","2022-06-21 01:50:22","0xc385e224391c6776f4bcba5c65aca3ae9cb540db","0x0865a889183039689034da55c1fd12af5083eabf","","0","0","0","0.004080383285579188","7.77431347018117","1124.71","","","Initial Stake",""
"0xf9f3cd95d775dc0ea3396a3b64b9306d28cdefc1b38ad7be7a93858ad14e5db1","15001266","1655798551","2022-06-21 08:02:31","0xfa08cd18766a40600f59725792ec42efb5ce391a","0x0865a889183039689034da55c1fd12af5083eabf","","0","0","0","0.00676500719244889","12.8893005537009","1124.71","Error(0)","Out of gas","Initial Stake",""
"0xc20b6f163d2596db85ff47f6ff085bf0e882de312aed7e570c6951890735fae1","15001275","1655798725","2022-06-21 08:05:25","0xfa08cd18766a40600f59725792ec42efb5ce391a","0x0865a889183039689034da55c1fd12af5083eabf","","0","0","0","0.00755265015858977","14.3899888206595","1124.71","","","Initial Stake",""
"0x2e6f94d6515d873888325a6d697adf400c8cfe779a7705458409fd51480bbb38","15002143","1655811972","2022-06-21 11:46:12","0x61d656c068b93202ecf787a2872c58b39a277b9b","0x0865a889183039689034da55c1fd12af5083eabf","","0","0","0","0.005625887647692963","10.7189474762729","1124.71","","","Initial Stake",""
"0x1adf11cd17ed5e5b0b4f152f07ea50097b26671c024f0ebc5849f0dc5a45f6af","15002424","1655816459","2022-06-21 13:00:59","0x0b7487924eaefbb690a6355565b928713d37223a","0x0865a889183039689034da55c1fd12af5083eabf","","0","0","0","0.008392782773268031","15.9906850900798","1124.71","","","Initial Stake",""
"0x12971e516f3f5c604346d87104fd22a1a6941c312796f61a77371afa6d72bc06","15006488","1655882367","2022-06-22 07:19:27","0x42492200015c883f24cf5e631208d1081d128666","0x0865a889183039689034da55c1fd12af5083eabf","","0","0","0","0.004760180811154386","9.06952489768434","1048.30","","","Initial Stake",""
"0xa0ca5125ffbec90d4a9f182ecb205a04522c8b08c10fe5b559741070b43cb552","15007374","1655896851","2022-06-22 11:20:51","0x694da39965a6a817ce47b7d3efa622b992b382f6","0x0865a889183039689034da55c1fd12af5083eabf","","0","0","0","0.005417613121294185","10.3221241038706","1048.30","","","Initial Stake",""
"0x74d0e1fca71124b8eedf38f3800088a316849de111324444753384a5c0ed1ff7","15012760","1655984344","2022-06-23 11:39:04","0x98e073b579fd483eac8f10d5bd0b32c8c3bbd7e0","0x0865a889183039689034da55c1fd12af5083eabf","","0","0","0","0.00831291","15.8385042939","1143.46","","","Initial Stake",""
"0x0e12f67901f44d64c5f8c1bc5cef614b4e44864a5045b015003f104c90d9f97a","15028014","1656230531","2022-06-26 08:02:11","0xac0ea85f1c2f0b07e2862ba1cc4da36150a4faab","0x0865a889183039689034da55c1fd12af5083eabf","","0","0","0","0.005062032761755725","9.64464040064556","1198.25","","","Initial Stake",""
"0xd9eba55aeb8a9302e9899dbef35c5987a180b8789ab89d5a601497c7b79907ba","15069051","1656844477","2022-07-03 10:34:37","0x71eeaeb679b69d0773adb1923566c8390b10917a","0x0865a889183039689034da55c1fd12af5083eabf","","0","0","0","0.004451975019122085","8.48230348418312","1072.95","","","Initial Stake",""
"0x92ffe8a7ecce242a677591e4be4461f6a1ed4df3108802a51569fa86a1b74bdc","15076979","1656950374","2022-07-04 15:59:34","0xb2b8de16675ef164e51910bdf15e62f2f80f7f4c","0x0865a889183039689034da55c1fd12af5083eabf","","0","0","0","0.010789313077697302","20.5567703138059","1149.81","","","Initial Stake",""
"0xb87ea5ac16f5d274b4931516ccc9786c7b09c0e8dd9e59008c5965787640fd5c","15136784","1657749299","2022-07-13 21:54:59","0x4f9484348af66460fc3d5f79f091b6ff4f0aae5f","0x0865a889183039689034da55c1fd12af5083eabf","","0","0","0","0.002504419241979408","4.77164493755095","1114.57","","","Transfer From",""
"0x50a5d0d23df97c2c3e38480d0a05218f20323f3124e6573a228e6daa2adf9b81","15138675","1657774289","2022-07-14 04:51:29","0xefd52a9e454feb9ad8edca588c7a9703d67cdff7","0x0865a889183039689034da55c1fd12af5083eabf","","0","0","0","0.003907507195680975","7.44493438485901","1192.56","","","Initial Stake",""
"0x0af2348e5009539b4507426557dc58eb32a9ce33f5e8d537df9ac3c7ccb9d3b1","15146398","1657876742","2022-07-15 09:19:02","0x184f44a581a3fdf67e834cf2a0f193cbdd08a3b9","0x0865a889183039689034da55c1fd12af5083eabf","","0","0","0","0.004538985720670141","8.64808410373561","1231.23","","","Initial Stake",""
"0xb7c8b7b3c2268f714c52018e653b28182b0430f1840bf0f39bd2e5a5f62226a7","15146408","1657876897","2022-07-15 09:21:37","0xda6c2d0f44352d9f4b8ebb00606657310ea4e26b","0x0865a889183039689034da55c1fd12af5083eabf","","0","0","0","0.005622962353056642","10.7133739416553","1231.23","","","Initial Stake",""
"0x48b26205e0227f06d1ba5a97b32b83791db331467da629add8c28743159a0a33","15146429","1657877109","2022-07-15 09:25:09","0xc062eeca3891539f75054b1060997aa3459b7390","0x0865a889183039689034da55c1fd12af5083eabf","","0","0","0","0.004235253788251975","8.06938669021861","1231.23","Error(0)","out of gas","Initial Stake",""
"0x8301edf2116ac03f15b8cdfbbed6dc795ab165994e39d7c3a0a5944f8432b104","15146447","1657877296","2022-07-15 09:28:16","0x40276ba5efdfbbf749557f6b2a094abd78197164","0x0865a889183039689034da55c1fd12af5083eabf","","0","0","0","0.004348619691444405","8.28538161191211","1231.23","Error(0)","out of gas","Initial Stake",""
"0x9cdf51a4ecf005e978d9e631127ff107841b4513bfe1e6946a3cfa18299ea7b0","15146449","1657877318","2022-07-15 09:28:38","0x40276ba5efdfbbf749557f6b2a094abd78197164","0x0865a889183039689034da55c1fd12af5083eabf","","0","0","0","0.004187972876262891","7.97930284141492","1231.23","","","Initial Stake",""
"0x6a5fdbaa466adce9b20402eb789aa2c9cdef12dce8485584947fd1b39f1ef653","15146458","1657877381","2022-07-15 09:29:41","0xc062eeca3891539f75054b1060997aa3459b7390","0x0865a889183039689034da55c1fd12af5083eabf","","0","0","0","0.003833839276948417","7.30457563597705","1231.23","","","Initial Stake",""
"0x101f718d8e84d9ba59e8c66ed11926aab0796352c7649ed245ff248d2809ecba","15146480","1657877683","2022-07-15 09:34:43","0xdc09eb652d4568c3e22d176bce8f5efb12af7716","0x0865a889183039689034da55c1fd12af5083eabf","","0","0","0","0.004070705514754465","7.75587451020653","1231.23","","","Initial Stake",""
"0xc2cae7f892c890a76918246f6ea3afe9da1058c737222a3caacef01621c5a56a","15146493","1657877819","2022-07-15 09:36:59","0xf55f8884203632eb007f239758d1b25cd173458b","0x0865a889183039689034da55c1fd12af5083eabf","","0","0","0","0.004397313482755614","8.37815740555944","1231.23","Error(0)","out of gas","Initial Stake",""
"0xf00948c636f999bdf8f38070b8d13dfd4e472562687d67f485f7b32d3cfd150f","15146498","1657877876","2022-07-15 09:37:56","0xf55f8884203632eb007f239758d1b25cd173458b","0x0865a889183039689034da55c1fd12af5083eabf","","0","0","0","0.00469848978794577","8.9519856080752","1231.23","Error(0)","out of gas","Initial Stake",""
"0x72101380055c5f9b5eb7865d73879a28b2d09839eb90a938bd236d0fc4cd2cae","15146500","1657877936","2022-07-15 09:38:56","0xf55f8884203632eb007f239758d1b25cd173458b","0x0865a889183039689034da55c1fd12af5083eabf","","0","0","0","0.00534860805219855","10.1906494357734","1231.23","","","Initial Stake",""
"0xa21e49ded2ef07dd129ee3eecc7d7d0ee1f38e1ac6c0063deb83758ef68ed4b8","15146509","1657878095","2022-07-15 09:41:35","0xf06f09c65635ea3db2f6255cabefcc11d28f2ef2","0x0865a889183039689034da55c1fd12af5083eabf","","0","0","0","0.006272087121370649","11.9501448714763","1231.23","","","Initial Stake",""
"0x0947f1103a7470efc77b382f6a0c345ac6a99b7e3b68eb2eda2f12f1c4d12b86","15149264","1657914543","2022-07-15 19:49:03","0x543298794e7e195c8628f65d16fb7fcf7d096cb0","0x0865a889183039689034da55c1fd12af5083eabf","","0","0","0","0.002588487514054464","4.93181937565283","1231.23","","","Transfer From",""
"0x30c2fa417259283a9fa2aeebed642e23a3019e7202e4448ec6b38adfaddfcf01","15151779","1657948461","2022-07-16 05:14:21","0xd37f7b32a541d9e423f759dff1dd63181651bd04","0x0865a889183039689034da55c1fd12af5083eabf","","0","0","0","0.004487648965937865","8.55027269831175","1356.31","","","Initial Stake",""
"0x152e57d6a4e48b08cbaa7be87338fe5f6436062e770f566d929e0bd548a7df17","15161758","1658082798","2022-07-17 18:33:18","0x8c8b512e04106ff8d9c2be3dcf707413a74a0a89","0x0865a889183039689034da55c1fd12af5083eabf","","0","0","0","0.001785216704446512","3.40135553481489","1337.97","","","Transfer From",""
"0xf2164f93072ca7ec96a0b96895b4bbc973a781690afb4fc53c36821d8f2d840c","15163550","1658106518","2022-07-18 01:08:38","0xe5214a481f2c2bbd501c14dfa66254a8a907cf39","0x0865a889183039689034da55c1fd12af5083eabf","","0","0","0","0.006395903492258259","12.1860509647647","1583.55","","","Initial Stake",""
"0x12b252ef643ce4c9113384d6ce1259d12e529ce617427d1d88ddb5e928f70722","15204682","1658657233","2022-07-24 10:07:13","0xae52ed1bacbf48cd32db52c134ecd24c1d21bc22","0x0865a889183039689034da55c1fd12af5083eabf","","0","0","0","0.002909015680376023","5.54251848566363","1597.72","","","Initial Stake",""
"0xf388e717aec5c5a31c0d481a8261c61400019984edf4f3603aea8179ba5d3eea","15218122","1658838886","2022-07-26 12:34:46","0xe1912df4cff0dfbf051a65936c2bd23096a7ca5c","0x0865a889183039689034da55c1fd12af5083eabf","","0","0","0","0.004277752590124872","8.15035923243902","1449.61","Error(0)","out of gas","Initial Stake",""
"0x7299d1b32811d72cd9fb76d1acfc9568a1aaa443264ffecd1e4e200e94e71a61","15218310","1658841277","2022-07-26 13:14:37","0xe1912df4cff0dfbf051a65936c2bd23096a7ca5c","0x0865a889183039689034da55c1fd12af5083eabf","","0","0","0","0.007018315557810599","13.371926449141","1449.61","","","Initial Stake",""
"0x69f93d5ed7f1879b4bed15838c9c607cf3d73e7984cabab3577ca3e6d84a84f3","15223811","1658915333","2022-07-27 09:48:53","0xc10898eda672fdfc4ac0228bb1da9b2bf54c768f","0x0865a889183039689034da55c1fd12af5083eabf","","0","0","0","0.001866808089967535","3.55681078573424","1636.88","","","Initial Stake",""
"0x09a84d9fcdfc1db51b22442d2ee83f2a86bc66f0ad4a6934de28de2e955a584b","15224576","1658925419","2022-07-27 12:36:59","0x3524ff8d740a4f1be13f2cdd2f2345e54dc0c6b0","0x0865a889183039689034da55c1fd12af5083eabf","","0","0","0","0.002741621444900977","5.22358392275538","1636.88","","","Initial Stake",""
"0xf4badb2ee26752ce369c30325a264c916ccea1eb2b89a0d782434d8916a672e4","15229367","1658989591","2022-07-28 06:26:31","0x716722c80757fff31da3f3c392a1736b7cfa3a3e","0x0865a889183039689034da55c1fd12af5083eabf","","0","0","0","0.003001931652571584","5.71955035832811","1725.82","","","Initial Stake",""
"0xe910ad012a1c8f264c87bb0e625bda51cff4b8f3bfe94883dcc487bdb32a7f69","15230571","1659005233","2022-07-28 10:47:13","0x5701068ca0ba0338a5b64e8f59d5ae661e9ecfc0","0x0865a889183039689034da55c1fd12af5083eabf","","0","0","0","0.003491557890119455","6.6524303324657","1725.82","","","Initial Stake",""
"0x79acdbc347536cbebef14473bb062f6541ac7e89c5f2c96d45820cc0bfec0e46","15268997","1659523100","2022-08-03 10:38:20","0xa5a5de531f63b636443e484c06f60640c2f98d3a","0x0865a889183039689034da55c1fd12af5083eabf","","0","0","0","0.00273389113501189","5.2088554406268","1618.68","","","Initial Stake",""
"0xd37abd789798e8fefdb179a448dae3ba8771eac58780dcfa841f9b747ef79cdb","15286716","1659761499","2022-08-06 04:51:39","0xab93bf0635ccf8e6e1e136922f1c793c3f4f6014","0x0865a889183039689034da55c1fd12af5083eabf","","0","0","0","0.002031706671574231","3.87099040428367","1690.67","","","Initial Stake",""
"0xfe468665eafb16f1df859958a97757beb9f6790bc0f022d7670fbc72993ab4c4","15292042","1659832730","2022-08-07 00:38:50","0xaec9bb8e36fddcbc644b3a77216327834ceb9e15","0x0865a889183039689034da55c1fd12af5083eabf","","0","0","0","0.00166586071903979","3.17394776937932","1700.54","","","Initial Stake",""
"0x6dc085b760714d3eb067563ebfaadd66757b01f4f3a31fef2eb82b7207bfc80a","15293104","1659847976","2022-08-07 04:52:56","0x37b3805388479f7b47940b8c190c9e32efd82fb5","0x0865a889183039689034da55c1fd12af5083eabf","","0","0","0","0.001764762695234952","3.3623847156042","1700.54","","","Initial Stake",""
"0xeff9c300bc028c733015b359eec775a90396a4561cc9f165b8daa0fbb868451b","15305036","1660007915","2022-08-09 01:18:35","0x3f60008dfd0efc03f476d9b489d6c5b13b3ebf2c","0x0865a889183039689034da55c1fd12af5083eabf","","0","0","0","0.003127671","5.95912027959","1703.41","","","Initial Stake",""
