,address,timestamp,amountStaked
0,0xb42f5a41b62b52616598cfd1a0d3a01846bfa888,2022-03-13T02:03:20,100
1,0x65aaeec60c6149bf18753f5d2c361ecbba22651a,2022-03-14T08:36:52,10
2,0x5d9a5ebae5828cd8d15166666d45d53f0b871bb4,2022-03-14T10:40:24,1
3,0xae4281d74056f3975941b66daf324bb893279cf0,2022-03-14T17:42:03,10
4,0xae4281d74056f3975941b66daf324bb893279cf0,2022-03-30T16:03:22,10
5,0x7a247ff3d9be7a89b5f71206ec1ca3f8684bb5c3,2022-03-16T08:01:30,1
6,0x1040a43093b700d9bfe90346990afaa4d1151508,2022-03-16T10:22:42,511
7,0x1c721671916560c9ab5b7c5406e152b750eb03a2,2022-03-16T23:31:36,511
8,0x76feb15406fd0637b95c871bfa8c71fbb1854dd0,2022-03-19T07:22:41,100
9,0x843aa999827ae6d187f8a5b6ab4afb1b1597551d,2022-03-19T10:20:50,2
10,0x446ccd4633512f321b400cf89c1877f8307f6c26,2022-03-19T11:36:25,24
11,0x4d5daadc1bf9aa1c023fe1a9f75545b3863dfd14,2022-03-20T06:40:23,102
12,0x9b2b78003e469a342977e0a078f6aef88077acd9,2022-03-20T06:58:24,101
13,0xdf6c74e0387570344c4c36ff77c79fd805c5b5f7,2022-03-20T07:02:55,100
14,0x677f0fb523ecfe8343560ddcaac47e1eab34409a,2022-03-20T07:08:18,100
15,0xc92c4df3dd076d3ef60f2c6c533ee16616f4d8a5,2022-03-20T07:32:28,2
16,0xfc0591893b0bdb4322d25bdd43904aa9ab137140,2022-03-20T07:56:00,103
17,0xaaa017530e01e7bf6d69f29756870f4dd09b74d6,2022-03-20T08:38:51,2
18,0x37d8fa18bd09ed448e93ecd47641019d91eb43a4,2022-03-20T08:46:10,65
19,0xbaa3a36ade58a3593972b7728a97916ed82ee371,2022-03-20T08:56:58,112
20,0x014607f2d6477badd9d74bf2c5d6356e29a9b957,2022-03-21T06:55:06,110
21,0x6058f8e21d7d736b574e80c2b57e73fdf360bae0,2022-03-21T13:20:36,66
22,0x25ad2667b19e866109c1a93102b816730a6aec3f,2022-03-22T12:43:22,10
23,0x4c1f58d3ded593b018ca2ec4228399df39cfdd6f,2022-03-22T13:15:21,203
24,0x8c302250f1f5f4a933b7a62b52e998b0a40c3917,2022-03-23T10:49:12,500
25,0xafbe2fe7325418ac50337ace4cd86ee0bfa245c7,2022-03-23T12:19:15,550
26,0x9a4a43a48f6bd53fef42b1565f14d24e1f9f41e8,2022-03-24T08:39:06,105
27,0x13711b99539d2860aa740c0180a50627d538c28e,2022-03-25T13:10:46,100
28,0x3255d4b48d108cfd7a6d71d0722ff845f9213a13,2022-03-26T12:30:22,105
29,0xdf839bbbe062ae73493a6961fc34849b53f1c154,2022-03-27T02:48:43,500
30,0xdf839bbbe062ae73493a6961fc34849b53f1c154,2022-04-08T05:45:16,500
31,0xc134041a85edbb3bd9cae36a32486454c1c6e134,2022-03-29T04:51:43,1487
32,0xc134041a85edbb3bd9cae36a32486454c1c6e134,2022-04-07T18:22:49,2672
33,0x6715fd4994379ff0b1bc3d0bd3d599f83e9ec4be,2022-03-29T08:29:44,120
34,0x643430283b19fa5bd70a1138b495c2b43523cdd5,2022-03-30T15:03:56,100000
35,0x643430283b19fa5bd70a1138b495c2b43523cdd5,2022-03-30T16:06:49,100000
36,0xc5614f397051e6db3bfabf9813c6c9b57f232783,2022-03-30T15:23:43,1000000
37,0xb8c9d38ba6924095062a92a581326a3ececf62d9,2022-03-30T15:47:54,20001
38,0x710dc8c61b177687f1e3c085f694896cdc438209,2022-03-30T16:00:53,12016
39,0xd9f0834e7ca9b9262df3189b850ebf9514027e82,2022-03-30T16:01:32,29990
40,0xcd52e48d1f34a6498af641a5afa66376f85775c7,2022-03-30T16:03:01,1000000
41,0xcd52e48d1f34a6498af641a5afa66376f85775c7,2022-04-07T16:32:53,69996
42,0xfda5bb18e3f47ea9b3d5689c3cd896d4ddd41eca,2022-03-30T16:03:35,2327
43,0x6a356be9b82e09bcff191baa639cf6012c63addd,2022-03-30T16:03:56,4123
44,0xc29d294b9c254d20ba7e20923f31a8fe91d4faeb,2022-03-30T16:05:07,30000
45,0xdeb263240eadf03bffdc6036ce652fe4cec96d2c,2022-03-30T16:08:47,569
46,0xdeb263240eadf03bffdc6036ce652fe4cec96d2c,2022-04-08T14:19:50,652
47,0x5ebc7a6f0ecbc069065fce49b0ed28b5e6dbdaf8,2022-03-30T16:13:26,1000
48,0x87a427c0a3508705f7f7d0c8b90e270f4f3d8268,2022-03-30T16:13:26,1075
49,0xf6c719dc30fd8a3b8f23d075ddc4e4b00fa2736d,2022-03-30T16:14:08,500
50,0x06aa5e77cf3bec21129ddbf29b531ed742a4109c,2022-03-30T16:20:06,10154
51,0x70af29f754988473fcaba6e01abfbaff871046d1,2022-03-30T16:22:57,5000
52,0x874d561afa3e120bf9bd2aad7a435cf0d4656989,2022-03-30T16:30:15,1000
53,0x5811b5d57cb3f803151768fea0d22046b1ebd65c,2022-03-30T16:37:21,24641
54,0x6a04941de896e4215eeb8e6eb1b72ad2904d2402,2022-03-30T17:20:07,750000
55,0x6e93ebc8302890ff1d1befd779d1db131ef30d4d,2022-03-30T17:20:39,250000
56,0x1b50adc3c74b4f3a2a4307fe714c853634139e45,2022-03-30T17:42:35,80000
57,0xcf2e0814ddf1587e06a66b479de3d0b7b151e5b8,2022-03-30T17:44:40,1015
58,0x5c44368c0ad4c446842738bdbf8f2bbf9876546e,2022-03-30T18:27:38,30000
59,0x825ae6fb177186e9551ab1cdd6d4ab10b22a0dba,2022-03-30T18:49:24,18000
60,0xa1ed36fe9e4a32737472ea0dd632825e73cb2943,2022-03-30T18:58:22,500
61,0x308bff328370fc4a9683ab9fcd79a21be6dc5ee4,2022-03-30T20:01:00,30281
62,0xf616959cfc26d7d734c28f4437d5b4d25af13b2e,2022-03-30T22:47:46,3386
63,0xbda0020b6e44db02ca73e65819ad33eea4a2111c,2022-03-30T22:49:48,1010
64,0xbda0020b6e44db02ca73e65819ad33eea4a2111c,2022-04-07T21:04:33,2000
65,0xeabdff58088179bca0d8255ea2fbe036e3e5ef3b,2022-03-30T22:56:20,1011
66,0xe6cc5e3ebb07b5156ba3af510b8c6ca19804d88e,2022-03-30T23:01:57,5000
67,0x96dc89dbe84970ee42a2f0b35fb50599e6745ff8,2022-03-30T23:32:30,20000
68,0xe188e4f2ce31b507d7fae2397ad66c5fe4504ff7,2022-03-31T00:16:57,2003
69,0x046f601cbcbfa162228897ac75c9b61daf5cee5f,2022-03-31T00:22:35,600
70,0x18bd2e8b69e48c5e6deae13682b1f78d1c260bf9,2022-03-31T01:41:07,6000
71,0xda4807e777e2e4a6b2ab075bdc0aef459e708cbe,2022-03-31T06:10:41,30000
72,0x31c039383d787457b75d185d820d4a37ab80dad2,2022-03-31T06:22:53,1500000
73,0x746c7757501193af295797d4f338121cf22a4acd,2022-04-07T16:00:14,29995
74,0xcdb2de3c7e3523f943904bdaab94e316853601ee,2022-04-07T16:00:40,8737
75,0xcdb2de3c7e3523f943904bdaab94e316853601ee,2022-04-08T14:04:45,2500
76,0x66b1e927c3d35cbf4de05a29dcd76ae4d8947081,2022-04-07T16:00:40,988
77,0x193f0ee42a199a0cecd479a9f09ba293eb1ca357,2022-04-07T16:00:40,52597
78,0xb38bfe8f08a059e172a34a2e916379c673c36420,2022-04-07T16:00:50,500
79,0xb38bfe8f08a059e172a34a2e916379c673c36420,2022-04-07T16:24:31,4501
80,0x4a2ff57467db1290cf32cf106c96987d5f4eca1a,2022-04-07T16:00:50,10000
81,0x2a03278590cd1962de28f9abc855cf3774fe3eb6,2022-04-07T16:01:09,1008
82,0x5f13fbd61bc5dc77758d72f4fbf17ba591f1962f,2022-04-07T16:01:40,19996
83,0xfd9ce48c96617bf6ccc7c37044b1a22638b71e02,2022-04-07T16:01:40,100000
84,0x9f9ebce72c0715cdbad4d589986eb22f6782a1ce,2022-04-07T16:02:55,3000
85,0x10216d6b520a9e033769393c65c2efd94303684b,2022-04-07T16:03:20,5422
86,0x10216d6b520a9e033769393c65c2efd94303684b,2022-04-17T05:31:32,911
87,0xb9df1ac065aba19fb4a23328784665b9b19dee31,2022-04-07T16:03:20,10000
88,0x9d32f1e7c5ff707e92b4b30937a1e5e2c2de2462,2022-04-07T16:07:26,1100
89,0x16a3b440c18cc022a735f298659c008f9622f799,2022-04-07T16:09:31,2700
90,0x4c6bb92f83e0e978270e8325181adee3f1d0df7f,2022-04-07T16:11:32,2954
91,0xef47003f0e276eb0fb60b626e80554dd7adcdd11,2022-04-07T16:12:49,52765
92,0x317379256fddcb3ec5a5eb00b044fd9575038b7f,2022-04-07T16:17:37,4000
93,0xac5348a948ce281e0507d4fc87e08c28612d8e8d,2022-04-07T16:18:38,3300
94,0xa337321a3b9909aec6e7053ef8e8fdb24e4614f2,2022-04-07T16:20:14,5000000
95,0x9859f916c7b46aeae52bee615f93f2f4641bbe6e,2022-04-07T16:23:24,1049
96,0x8d470921050899284b451d6a65f4204eee4aaf8f,2022-04-07T16:25:51,1668
97,0x07e39e8e9d519e3ae3f7b030ab5e03493cd4b945,2022-04-07T16:30:20,49990
98,0xee160154b02a2e404c6c13ff0b28ed76010cf07d,2022-04-07T16:30:43,500444
99,0x09635f1a9e74772789978b012f132ec97983963e,2022-04-07T16:40:17,2500
100,0x63eeba70536d2d0778c66abfa854e2023e9ac24e,2022-04-07T16:44:21,1010
101,0xcc2939843eb9b1739187d79a3aa164f59d6f56de,2022-04-07T16:45:03,300
102,0x9935eabef41c6f9932579f2eb86bdb77ffd63327,2022-04-07T16:50:22,1500
103,0xd01a2311ca001241502394d25bc08b0ad8cd2229,2022-04-07T16:52:03,4481
104,0x3a1b938670eb674a710e767f3ef2b2e0e976984a,2022-04-07T16:55:30,3939
105,0xdd98b9e40f29b6e8126db8a0ec683303b7c6626a,2022-04-07T16:58:08,1119
106,0xd3aecf9e0856822bd320873e905ae9f78a2977e7,2022-04-07T16:58:32,3176
107,0xd4e26683635bf3dc9ead5f31b935c33cc1ce1838,2022-04-07T17:31:46,500000
108,0x11d67fa925877813b744abc0917900c2b1d6eb81,2022-04-07T17:36:43,300000
109,0x864b81c40d8314d5c4289a14eb92f03b9f43b6bc,2022-04-07T17:44:18,200000
110,0x11e2463446ae4df20128044aae992f0d07d4a6ad,2022-04-07T17:50:01,492
111,0x644be8a25be30a21e2dffeae4fc43937fbcf3efd,2022-04-07T18:52:49,4500
112,0xb193da6f9f2252be679fd5b020c22ded01f4ec8d,2022-04-07T19:13:53,200000
113,0xbe3026eca9dd524401ceb3b703d7972497332325,2022-04-07T19:36:22,2000
114,0x33ce1310e0e95bdb74fe3ba755231b0fe1849105,2022-04-07T20:11:11,2000
115,0x4f9484348af66460fc3d5f79f091b6ff4f0aae5f,2022-04-07T20:21:56,425
116,0x1a2a24e8ac0bd22c4f9b4fdf34bfcd30820246bc,2022-04-07T20:29:30,321
117,0xcc3529c09dbeec382804ef0e8ecd18797665eed1,2022-04-07T20:31:41,1092
118,0xf596f9420234ad8ad4486518113680fbf4054420,2022-04-07T20:34:23,1000
119,0x8aa4243ef5fe3d6ebe375fa6d47a710266cb0caf,2022-04-07T20:34:33,149
120,0xdaccce559a0571083556f39d05b177579613d83b,2022-04-07T20:34:33,111
121,0xba181deb98afc2202202c9aebf26b18f46d70497,2022-04-07T20:42:13,10000
122,0xb52e056572e091dfa12beb038d898b27292aa4ec,2022-04-07T20:50:21,151
123,0xf436f85a9c26fc71afff2e9dd36c0eee66b8e1de,2022-04-07T21:02:50,10000
124,0x3edc48974ecc602f5648bffbdbb90e766b19556d,2022-04-07T21:06:03,20001
125,0x1b87b6ef6de51d272bd30493d0761d9a8de6b3d0,2022-04-07T21:20:35,1301
126,0x0e2e091221b1d79cce17f240515443dc139c7d90,2022-04-07T21:23:50,10000
127,0x0d9686d3c602a458110f43147bcf33bfc3fef135,2022-04-07T21:45:30,1100
128,0x2f75ffe98046e4a55fa79daf97b2730d7e707186,2022-04-07T21:46:59,2003
129,0x22a8ac0570ddc4b99d295b1d71ff0bde265903f3,2022-04-07T21:49:32,1047
130,0xf07cdab23124d5cf2897ec460d691c610103a96a,2022-04-07T21:56:20,1110
131,0x9282fe119c18b600053399dd608f374afd0d218e,2022-04-07T22:08:23,1090
132,0x391891af67e29d97e61e30c3036a0874f5da411e,2022-04-07T22:15:59,50000
133,0xe49464e503b3a5e97765e5e54666dce2a828652d,2022-04-07T22:35:24,1105
134,0x471eb1312a93c397089fcc569e32ac887fe1856e,2022-04-07T22:46:53,1099
135,0xd6b01c20918a7ba5d05e81dc59ded322962b4d37,2022-04-07T22:47:21,2000
136,0xf93f775eeb76e69aa76b6785c2dcf16303fe277d,2022-04-07T22:53:58,1050
137,0x9b19da8bbd711f15767be282d2c2a5ff8cee2d2c,2022-04-07T22:56:16,2015
138,0x13be6e4686ff8af227befb921bbfdfc997e0573f,2022-04-07T22:56:44,4000
139,0xb7f9f538aa1b41ae2853eb63f1939187ffe70eb4,2022-04-07T23:01:49,30000
140,0x40c0771f1ad6a3bf551cbbe0436716a394847a44,2022-04-07T23:10:50,1141
141,0x8fa942761e522662bb233f6f520e3c0ae39708a6,2022-04-07T23:12:13,3500
142,0x5d2ca9c220f66a5f181e53bac510fe1e1a0ba268,2022-04-07T23:18:42,10990
143,0x6d3c4171d6807378cf6482732873e675d28a8c72,2022-04-07T23:18:54,10010
144,0x4ae1ac36eda71d31b01dae5c706d1d741509b124,2022-04-07T23:39:46,1015
145,0xaa0445568a566fcd905b49ed6d91a47edd15519c,2022-04-07T23:46:57,1123
146,0xf7b10d603907658f690da534e9b7dbc4dab3e2d6,2022-04-08T00:58:47,20227
147,0xe5ec967f039833b8606b5588c27e85c33043716c,2022-04-08T01:23:32,10488
148,0x1750f9f65be225fa3c3914dc77c13d739da8fbee,2022-04-08T01:35:10,200
149,0x4cf8be01027ad66c4939181a5b8c5b2b281771f0,2022-04-08T01:39:29,990
150,0x84dccfb3f3e044229fa00e216e2829725579d97f,2022-04-08T01:40:49,1896
151,0xff92318eec032755d443ae6c877ab09fd27fc2f5,2022-04-08T01:48:47,10000
152,0xc7b6c16b6032ac35ed5a512622272215ae860156,2022-04-08T02:04:40,5095
153,0xbd251f2d6e8132d44d076f12e0520f2bc74b0013,2022-04-08T02:10:32,1000
154,0xb0ba26dedc9c1ddae319de606c3b1279e26be57e,2022-04-08T02:25:12,5035
155,0xc32b7438b3df7844c9ee799930a2224fe6e26426,2022-04-08T02:36:43,545
156,0xbd121117185485b4fa3368690240b826fbd76fbb,2022-04-08T02:57:12,1000
157,0xd84b9909a087872efb9b08bae8171625a3ccb653,2022-04-08T03:01:02,8066
158,0x74a2e6a985b33454d39a0b333f51c3315cafc125,2022-04-08T03:09:27,1833
159,0xabdb1f94bff885bd8933ac4f8aaacda4326491de,2022-04-08T04:26:54,10094
160,0xa4b6ed45dcc760abd5679f7c36066fd3fced0ec0,2022-04-08T04:32:53,150592
161,0xf930b0a0500d8f53b2e7efa4f7bcb5cc0c71067e,2022-04-08T06:01:48,75000
162,0x1ccb144b700ec726d37db38c617e154de6d9c0d0,2022-04-08T06:37:28,400
163,0xbbaca87124b71a3a3cd29846c7a3ce0c493864e2,2022-04-08T06:40:35,500
164,0xa7a6a13d550180a397817a1bb5e896e5dcae4606,2022-04-08T06:41:40,100600
165,0xcd36b622085c508404ddaaca943eb69ad8113ff7,2022-04-08T07:01:06,1500
166,0x301481d22a64e7dea6c44c68ad3030a4132c81c3,2022-04-08T07:15:59,1000
167,0x4c4b46abe88f996d1b3b4a8fa41876535675ef1e,2022-04-08T07:23:58,3000
168,0x1b1d046a1001fd6fd4d11f204c7464989d621d92,2022-04-08T08:27:21,200000
169,0xd48d664965286ddea41e97784d079de981d099b6,2022-04-08T08:46:42,10000
170,0xf4dcc8993d097093303e3e50d7a27e36fb1a6eb5,2022-04-08T09:35:20,50000
171,0x48aa9d67cb713804c005516bca7769c159d7897c,2022-04-08T09:53:17,10
172,0xd819c62dde216ef3b508d348542b59477efd606f,2022-04-08T09:55:05,2
173,0xc1129c95d9f16a17f80efcbde4f1b536c484c1d6,2022-04-08T12:05:21,20000
174,0x821e3f3bb33cf667b98339bebe8a3e3c693b6eb4,2022-04-08T12:15:31,100000
175,0x8edf3624a4bee9cc5e4bc46b4daf872255bf25ac,2022-04-08T12:37:48,300
176,0x95f35ca431cf7c5c7eb7cc66071c35f2d516491d,2022-04-08T12:44:50,5200
177,0xdac71eaad0aee5c4eb45f9284900d7a2b9561327,2022-04-08T13:16:03,100000
178,0xf78a149be085ff02bc5de35578d52055a47a619e,2022-04-08T13:16:41,50000
179,0x14730014eea880f2d52ac0b67442c485242d9b9c,2022-04-08T13:58:08,99999
180,0x17d2b1b51fb36ef6f8e397feee9e0c98ad8eab60,2022-04-08T14:31:45,20
181,0x67ad62e37e5e76f40105fc441f502ba79ca24265,2022-04-08T16:19:04,1536
182,0xb5b4e44415fd0bbd21f848dfeaf064dc2fb1e8a1,2022-04-08T16:19:46,1044
183,0x96a8e25128f088005226be0b7155e133dfa62f73,2022-04-08T16:21:10,1002
184,0x357dfdc34f93388059d2eb09996d80f233037cba,2022-04-08T17:34:56,50000
185,0xbefe9091541d2fd2bb2b931536fbee0383c4c4e0,2022-04-08T17:40:10,50000
186,0xa9d0af4df087c15f67862f1f03582b6755715978,2022-04-08T17:42:16,200000
187,0xf7476db5b717ac661c027e684456115ab1e728c3,2022-04-08T17:53:03,37147
188,0x8114e78965b7f7e52e35b2cfbe33973a4ef320cb,2022-04-08T18:14:10,6469
189,0x942bfcc165f1a54f107a42897454246c670acde7,2022-04-08T20:23:10,450000
190,0x942bfcc165f1a54f107a42897454246c670acde7,2022-04-08T21:57:14,280302
191,0x57b18f9302306c4d655802f2be3575147bf7bee3,2022-04-13T09:30:01,540
192,0x43630db375f1a1943155e3bb9c3ab8fe24091c58,2022-04-16T02:39:05,1000
193,0x7ee85ec0744fab13ae27d21695338d08e55f0039,2022-04-16T18:47:26,59
194,0x8e5e01dca1706f9df683c53a6fc9d4bb8d237153,2022-04-17T21:41:41,450
195,0xe5aedd6520c4d4e0cb4ee78784a0187d34d55adc,2022-04-18T04:05:04,1002
196,0xbf8641831d15c2701ba122981c3d7a6a2533ea48,2022-04-18T10:49:50,514
197,0x634ed8c2df8fbe613ee25debe1a460b4df2487d7,2022-04-18T23:20:31,24
198,0xb400486a30ae70b7293d4587ada484d88418d751,2022-04-19T01:58:46,200
199,0x59070f02fa3693bb7af1a41e80cc0ae3f1509e4b,2022-04-19T02:06:26,2000
200,0x977c827a997e6cb67e70daeaa7145b17d0cb8bda,2022-04-19T04:30:59,10111
201,0x481787bba8c56f801db8bdb336844b771c011246,2022-04-19T05:42:37,1008
202,0x9fa10388d2bb8b7d8a2c8586772876d6302d4cb3,2022-04-23T06:37:21,1500
203,0x1cd7da537c779d127376851fc7680cad5d2a32e7,2022-04-23T14:21:50,170
204,0x9e2e00aab67c3a7b827eb3e431c4a6c2077510a6,2022-04-23T23:04:43,200
205,0x8c228d8c83ba1c37dc7d328a943f3d41500d1ef3,2022-04-24T01:37:21,5100
206,0xf67336e671f1588d71c8f1e50a79c2715717e07a,2022-04-24T09:58:33,3024
207,0x5c466e3ba27381c722b78ab836ff62df14e0bcc9,2022-04-26T13:54:20,146
208,0xbf861d09615543c419c749ea8cbeb720e3b3e3ad,2022-04-27T09:40:35,2
209,0x9a608d9f416518b5f11acf3dc5594c90d6998e2c,2022-04-28T08:51:42,1
210,0x2aee3234eaed102777688544daa54441fb3b47f5,2022-05-01T06:06:44,54
211,0x9cc30a6b421c4e6be8547b8d694a46adf45e8f87,2022-05-03T04:44:10,3900
212,0x30bf85e1d0bc7fdedcbeeff39225d8037cb0cb7c,2022-05-03T12:14:00,1000
213,0x82eb60d17e1b39c97b175777ea1319cd77cfaeda,2022-05-05T01:47:14,500
214,0xeeda7f71df5a589a9b8c5794aa3d28d66a4ee672,2022-05-05T13:08:19,1537
215,0xe7765e5bb4562245c274194101c1ad1da417a033,2022-05-06T17:51:48,413
216,0x0c43d79baeba1acb896b4e35f02615eb25c3e4aa,2022-05-06T20:15:14,1005
217,0xcec771b3ab9204c4eb0b731111658e7c8ba539cf,2022-05-07T17:48:36,10000
218,0xcec771b3ab9204c4eb0b731111658e7c8ba539cf,2022-05-08T02:42:37,500
219,0x13ae5042d3abe5371b6b24b73e57ec718222a4da,2022-05-07T22:45:10,105
220,0x5d0e6a02ffda33516b170015b400eab91f130c9d,2022-05-08T05:15:58,101
221,0xeffdc0cfcf0131c39208c14033142b6c2d1a863f,2022-05-09T10:02:02,1100
222,0xf3eab2365c8689d7d429e9cf03c78b29f07907b1,2022-05-15T02:55:47,2000
223,0x578dcf77ba084eccdc34723fc32153fbc36abe23,2022-05-15T09:48:08,1008
224,0x886cf30e5f7c6f69ef1be1173a53a6dd04e76966,2022-05-15T16:51:40,1
225,0x9e03eb454d58688334fa14e0d46252fa2513a92c,2022-05-16T11:04:52,1022
226,0xac0ea85f1c2f0b07e2862ba1cc4da36150a4faab,2022-05-17T08:39:33,6
227,0xac0ea85f1c2f0b07e2862ba1cc4da36150a4faab,2022-06-26T08:02:11,5
228,0x62d51fa08b15411d9429133ae5f224abf3867729,2022-05-23T08:32:12,1
229,0x5050dceb1d3c031543548711208701d910a5334a,2022-05-28T21:38:50,60
230,0xbedd3062a3bde463b22d01bb985401729d556a8d,2022-05-29T07:35:44,20
231,0xd2dc3adde00faf9f89b40a71071837410e321727,2022-05-29T08:36:52,101
232,0x10fa00823d930bd4ab3592cded68d830da652d22,2022-05-29T09:57:01,10
233,0xda90f94194f093db4f27e10a4d0289cee9602459,2022-06-05T08:32:55,100
234,0x94ddee5ff016be756882ab37714013e9b199ccc6,2022-06-05T13:49:27,3018
235,0xf2f7ad044dfbaa417249c8568788d7aa1e6f155b,2022-06-08T14:46:09,510
236,0x4ab3d7f4c46e511ca09eecdac483e43ed96bd7aa,2022-06-09T12:18:42,102
237,0x91831208ef824bbb986996312f2f0d92cca7bb90,2022-06-16T08:40:37,50
238,0x15d67fc9deec198977688c7a25a8db2ca2b477ac,2022-06-17T04:44:29,10
239,0x32a59b87352e980dd6ab1baf462696d28e63525d,2022-06-17T20:36:12,2027
240,0xc93505a56396456b49e20ddb46a01b780aa87990,2022-06-19T06:14:26,100
241,0x364f4b2eee8920b6e476dfd4e531b6fd6bfc14cf,2022-06-19T10:13:05,500
242,0x6b820d74b6d0b9ed0a8ebbffaecdc32a854e952e,2022-06-19T12:45:16,12
243,0xd88f8e62c6a0a193d9f920c04b3a7c778ef32381,2022-06-20T09:23:52,100
244,0xb6943c2e791fba7abc45f208b8e78860069c228c,2022-06-20T11:50:04,20
245,0xc385e224391c6776f4bcba5c65aca3ae9cb540db,2022-06-21T01:50:22,9
246,0xfa08cd18766a40600f59725792ec42efb5ce391a,2022-06-21T08:05:25,10
247,0x61d656c068b93202ecf787a2872c58b39a277b9b,2022-06-21T11:46:12,105
248,0x0b7487924eaefbb690a6355565b928713d37223a,2022-06-21T13:00:59,10
249,0x42492200015c883f24cf5e631208d1081d128666,2022-06-22T07:19:27,105
250,0x694da39965a6a817ce47b7d3efa622b992b382f6,2022-06-22T11:20:51,105
251,0x98e073b579fd483eac8f10d5bd0b32c8c3bbd7e0,2022-06-23T11:39:04,100
252,0x71eeaeb679b69d0773adb1923566c8390b10917a,2022-07-03T10:34:37,101
253,0xb2b8de16675ef164e51910bdf15e62f2f80f7f4c,2022-07-04T15:59:34,10
254,0xefd52a9e454feb9ad8edca588c7a9703d67cdff7,2022-07-14T04:51:29,1111
255,0x184f44a581a3fdf67e834cf2a0f193cbdd08a3b9,2022-07-15T09:19:02,10
256,0xda6c2d0f44352d9f4b8ebb00606657310ea4e26b,2022-07-15T09:21:37,10
257,0x40276ba5efdfbbf749557f6b2a094abd78197164,2022-07-15T09:28:38,122
258,0xc062eeca3891539f75054b1060997aa3459b7390,2022-07-15T09:29:41,122
259,0xdc09eb652d4568c3e22d176bce8f5efb12af7716,2022-07-15T09:34:43,196
260,0xf55f8884203632eb007f239758d1b25cd173458b,2022-07-15T09:38:56,61
261,0xf06f09c65635ea3db2f6255cabefcc11d28f2ef2,2022-07-15T09:41:35,122
262,0xd37f7b32a541d9e423f759dff1dd63181651bd04,2022-07-16T05:14:21,100000
263,0xe5214a481f2c2bbd501c14dfa66254a8a907cf39,2022-07-18T01:08:38,1200
264,0xae52ed1bacbf48cd32db52c134ecd24c1d21bc22,2022-07-24T10:07:13,30
265,0xe1912df4cff0dfbf051a65936c2bd23096a7ca5c,2022-07-26T13:14:37,30
266,0xc10898eda672fdfc4ac0228bb1da9b2bf54c768f,2022-07-27T09:48:53,104
267,0x3524ff8d740a4f1be13f2cdd2f2345e54dc0c6b0,2022-07-27T12:36:59,732
268,0x716722c80757fff31da3f3c392a1736b7cfa3a3e,2022-07-28T06:26:31,100
269,0x5701068ca0ba0338a5b64e8f59d5ae661e9ecfc0,2022-07-28T10:47:13,259
270,0xa5a5de531f63b636443e484c06f60640c2f98d3a,2022-08-03T10:38:20,30
271,0xab93bf0635ccf8e6e1e136922f1c793c3f4f6014,2022-08-06T04:51:39,8
272,0xaec9bb8e36fddcbc644b3a77216327834ceb9e15,2022-08-07T00:38:50,54
273,0x37b3805388479f7b47940b8c190c9e32efd82fb5,2022-08-07T04:52:56,107
274,0x3f60008dfd0efc03f476d9b489d6c5b13b3ebf2c,2022-08-09T01:18:35,1000
0,0xca1af846c9194e82561dd9a93ffc9a9c851b3b1c,2022-03-07T16:01:16,1260000.0
1,0x5584cf54ade7c81ab6d6bc870c714f87fc0a7721,2022-03-07T16:01:16,4500.0
2,0x5a756d9c7caa740e0342f755fa8ad32e6f83726b,2022-03-07T16:01:29,90.9
3,0x82bbf2b4dc52d24cbe0cbb6540bd4d4ceb2870b7,2022-03-07T16:02:01,1800.0
4,0xc4676e5e99b823e54b3e6c32c8143bb441633eea,2022-03-07T16:02:40,468.0
5,0x236884bb674067c96fcbcc5dff728141e05be99d,2022-03-07T16:02:40,994.5
6,0xe400820f3d60d77a3ec8018d44366ed0d334f93c,2022-03-07T16:03:36,90.0
7,0x543298794e7e195c8628f65d16fb7fcf7d096cb0,2022-03-07T16:03:36,9002.7
8,0x7d51910845011b41cc32806644da478feff2f11f,2022-03-07T16:03:47,91269.0
9,0x6a04941de896e4215eeb8e6eb1b72ad2904d2402,2022-03-07T16:03:47,1125000.0
10,0xbbf6507bcab4128ab99aa89b3ee750880ff5d56b,2022-03-07T16:03:51,18000.0
11,0xdd4a19dc351ba42421db282196af38b433aa86ba,2022-03-07T16:04:21,904.5
12,0xf977bf5f5ccb1bfd868bd95d563294494f0d5d89,2022-03-07T16:04:31,903.6
13,0xe1d1c5f48f708aa038aa6a9976308cd1d19d951a,2022-03-07T16:04:31,904.5
14,0xfb28bb6cfcf19cb8784472226ccd13f2e5224000,2022-03-07T16:05:51,4500.0
15,0xeeec0e4927704ab3bbe5df7f4effa818b43665a3,2022-03-07T16:06:47,3746.7
16,0x9497243478392b1f7f508874f606379f989c6eea,2022-03-07T16:07:24,992.7
17,0x05ac3d28434804ec02ed9472490fc42d7e9e646d,2022-03-07T16:07:24,904.5
18,0x61d9e931a72c9fb3eb9731dcc5a30f1f6c3ab63f,2022-03-07T16:07:40,903.6
19,0x03894d4ac41dd6c4c2f524ed4417c90fa46972c6,2022-03-07T16:09:55,1800.0
20,0xab7b49bacd43bd4cfa41433d477f690bb9e1fb26,2022-03-07T16:10:30,1350.0
21,0xd43ca531907f8c8dbb3272cc2ef321cc572e56e3,2022-03-07T16:11:00,1606.5
22,0x8b600c7ef1d97225860a7996b63c5b8b116182d5,2022-03-07T16:20:24,9000.0
23,0x40db5c12aa263660a6188a8e16fcdf9c5235e5bf,2022-03-07T16:21:56,89964.0
24,0x01ebce016681d076667bdb823ebe1f76830da6fa,2022-03-07T16:26:25,4500.0
25,0xb98cc80fd75333dc20a9d122d98b5638aaf4ffc3,2022-03-07T16:29:59,912933.9
26,0xc2ac36c669fbf04dd2e1a2ed9ce5ccc442977305,2022-03-07T16:57:21,202.5
27,0x4953b5f3980f0fe8584f84c9a1ad93013ebe29c6,2022-03-07T16:59:35,867.6
28,0xb26d1fe1328172b38708d7f334dd385b6d6fb4aa,2022-03-07T17:28:09,4500.0
29,0xee15f56c09dd300dc039de1901bccca32a23a253,2022-03-07T19:31:36,1372500.0
30,0xee15f56c09dd300dc039de1901bccca32a23a253,2022-03-10T00:43:54,90000.0
31,0xee15f56c09dd300dc039de1901bccca32a23a253,2022-03-10T00:48:01,19626.3
32,0x605d50f68e737ebf7f6054d6f7860010fc80971f,2022-03-07T20:15:25,4427.1
33,0x49eb81cc817cd5a1e8df590f43d5a0a0f432251a,2022-03-08T01:36:56,267.3
34,0x641f2f8cd5fb6cb50a49c22247b065cd893a1fc7,2022-03-08T02:17:29,343.8
35,0x5a641c6fd5a473395355816ebc757b067ccaabe5,2022-03-08T02:33:47,94.5
36,0xcd5561b1be55c1fa4bba4749919a03219497b6ef,2022-03-08T02:53:31,383.4
37,0xd8742073f4f44d0046916a9b62a955a36e0c0e5f,2022-03-08T03:03:28,901.8
38,0x111ce8d46cd445f5ab1ce3545d97b45071dfecc0,2022-03-08T04:47:29,13500.0
39,0x046f601cbcbfa162228897ac75c9b61daf5cee5f,2022-03-08T05:13:45,463.5
40,0x9cbddd3a8320583bfa7fa78c02a7f7226805f7ab,2022-03-08T06:59:17,3610.8
41,0xc134041a85edbb3bd9cae36a32486454c1c6e134,2022-03-08T07:52:15,108.0
42,0x520cc7572527711b8c50bcefe1d881f8ddb5fe8c,2022-03-08T07:57:35,1.8
43,0x19fde20744903805ba05e1522980ffff3545c1ec,2022-03-08T08:36:53,90.9
44,0xcfaf3e19dca4b4cb0fb1399abb7ec074abe39114,2022-03-08T09:43:33,9.0
45,0xc0555149b5a5d96ac016d3425b7986504190c3a0,2022-03-08T10:00:44,90.9
46,0xa4bd35e96887170a2d484e894078a5cb1ab93a45,2022-03-08T12:25:05,118.8
47,0x1efb3038de631cfce0c0a231952c6b90d5d9cfe5,2022-03-08T19:23:23,900.0
48,0x276651cf20ef719dd3fae29e75f63e1603507517,2022-03-08T20:42:31,657.9
49,0x8e1fd9d5eac794555594b9b9f700bc37da6aeab1,2022-03-09T02:47:41,1980.0
50,0x9b818ad72e4b3cd03bcbe4848a44b274618c4cbe,2022-03-09T04:48:55,1800.0
51,0xcb630c28658d8b4f0509d628d8d947e6f95ea20a,2022-03-09T12:06:07,270.0
52,0xc2a622b764878faf9ab9078ad31303b24fd4b707,2022-03-09T15:16:24,569.7
53,0x644be8a25be30a21e2dffeae4fc43937fbcf3efd,2022-03-09T23:04:05,454.5
54,0x88888882bb6125af160999e91bca82b56e0b819b,2022-03-10T05:23:40,2250.0
55,0x0aa3dceb1e65b8f7d3a58bed68054b1c81585002,2022-03-10T05:55:41,920.7
56,0x987f05b5eeb8b30b02329d3888bebc3a7424e999,2022-03-10T06:19:33,7200.0
57,0x7a86c44e1b41c6c37ff783e8f6b2f6c68ab251f4,2022-03-10T10:42:36,539.1
58,0xde3258c1c45a557f4924d1e4e3d0a4e5341607ee,2022-03-10T16:03:55,225000.0
59,0x1a918a8386f75f382e2a1b2e10b807c39728caf2,2022-03-10T22:20:51,45.0
60,0x60c42ecb80c2069eb7ac1ee18a84244c8617e8ab,2022-03-11T05:28:04,330.3
61,0x78b8a76bea31733777556033e2a116df66c4c41c,2022-03-11T05:44:19,1809.0
62,0xdd32231c664f6e3456e81ec6c27c6f429c7dc3b3,2022-03-11T05:50:28,88.2
63,0x7ba080516dbabe9fafc1f7f548f60d27e6932c48,2022-03-11T13:37:49,90.0
64,0x040528e6ebdcbc6e37e3c78350de0a59aedce622,2022-03-11T15:31:30,233.1
65,0x72770a19522acd2025b74dc130502f81a73f875c,2022-03-11T19:06:49,2337.3
66,0x6f9bb7e454f5b3eb2310343f0e99269dc2bb8a1d,2022-03-11T22:25:02,21482.1
67,0x8fa1f8787bf4c3fc37b4dd48f472aef08c279e42,2022-03-12T03:27:46,2574.9
68,0xc887b3406424838ae65456860278a5e6e40fcb08,2022-03-12T03:33:14,90.9
69,0x18bd2e8b69e48c5e6deae13682b1f78d1c260bf9,2022-03-12T06:59:51,1019.7
70,0x70f9e695823a748d0f492c86be093c220a8d487a,2022-03-12T09:28:50,13.5
71,0x3524ff8d740a4f1be13f2cdd2f2345e54dc0c6b0,2022-03-12T11:13:35,1836.9
72,0x60ee0c8bb493b79286a54997322904f74fba3736,2022-03-12T11:29:10,9.0
73,0x9c27c3aa042a608f67d19bda36b099a062185a65,2022-03-12T12:26:54,900.0
74,0xabc42ca4eab3c98543c1c15ca89280888ba6109d,2022-03-12T12:28:57,93.6
75,0xc88d7dc8dfa23d3769f7e8241f761d09a10d9831,2022-03-12T12:31:58,900.0
76,0x7df953d6be5fd9532a7e829cdfb72d2a9ab27000,2022-03-12T12:33:48,900.0
77,0x8dc4310f20d59ba458b76a62141697717f93fa41,2022-03-12T13:03:30,3222.0
78,0x89768ca7e116d7971519af950dbbdf6e80b9ded1,2022-03-12T13:19:22,1337.4
79,0xe45c950efb371c331ffef421b5c8787c74830479,2022-03-12T13:38:48,108.0
80,0xfc0591893b0bdb4322d25bdd43904aa9ab137140,2022-03-12T13:59:11,92.7
81,0x2d220b4783a291abb2db3618bc4d94c632e16206,2022-03-12T14:48:29,900.0
82,0x09d1e14bc93217b9f2d083509e94dee161ffd9ac,2022-03-12T15:18:33,94.5
83,0xde0634a1f956df8580f18c955b3e9ee957e552c6,2022-03-12T15:56:15,5040.9
