,address,ethBalance,ethUsdBalance,totalSherlockStake
0,0xb42f5a41b62b52616598cfd1a0d3a01846bfa888,0.02943789643199172,57.54107863975693,100
1,0x65aaeec60c6149bf18753f5d2c361ecbba22651a,0.000656091146167619,1.2832749164350927,10
2,0x5d9a5ebae5828cd8d15166666d45d53f0b871bb4,0.21071546252134207,411.8981575182186,1
3,0xae4281d74056f3975941b66daf324bb893279cf0,0.8642410926884246,1689.599978616797,20
4,0x7a247ff3d9be7a89b5f71206ec1ca3f8684bb5c3,0.000139112531796,0.2721110678195658,1
5,0x1040a43093b700d9bfe90346990afaa4d1151508,0.000104404334937,0.20408541776145012,511
6,0x1c721671916560c9ab5b7c5406e152b750eb03a2,0.08359876623839482,163.51417083632597,511
7,0x76feb15406fd0637b95c871bfa8c71fbb1854dd0,7.3528994232877e-05,0.1437330073465433,100
8,0x843aa999827ae6d187f8a5b6ab4afb1b1597551d,0.5632243327024283,1101.6330013059876,2
9,0x446ccd4633512f321b400cf89c1877f8307f6c26,0.21849381943626553,427.36517106455796,24
10,0x4d5daadc1bf9aa1c023fe1a9f75545b3863dfd14,0.012991025245834254,25.395245881314175,102
11,0x9b2b78003e469a342977e0a078f6aef88077acd9,0.015312012635740503,29.93161606009282,101
12,0xdf6c74e0387570344c4c36ff77c79fd805c5b5f7,0.009691389004195363,18.945405622631387,100
13,0x677f0fb523ecfe8343560ddcaac47e1eab34409a,0.013112769418769588,25.63284165981079,100
14,0xc92c4df3dd076d3ef60f2c6c533ee16616f4d8a5,0.0089535340760998,17.502189341278367,2
15,0xfc0591893b0bdb4322d25bdd43904aa9ab137140,0.01024614073888477,20.02895099355717,103
16,0xaaa017530e01e7bf6d69f29756870f4dd09b74d6,0.04977583348019675,97.300803770419,2
17,0x37d8fa18bd09ed448e93ecd47641019d91eb43a4,0.009999033793155443,19.5459112781844,65
18,0xbaa3a36ade58a3593972b7728a97916ed82ee371,0.002881215849529148,5.632143118342587,112
19,0x014607f2d6477badd9d74bf2c5d6356e29a9b957,0.04665527613478239,91.20080068274991,110
20,0x6058f8e21d7d736b574e80c2b57e73fdf360bae0,0.01238087993311558,24.20561073963561,66
21,0x25ad2667b19e866109c1a93102b816730a6aec3f,0.051083201364799165,99.8574420279094,10
22,0x4c1f58d3ded593b018ca2ec4228399df39cfdd6f,0.3229568040042683,631.3095013314636,203
23,0x8c302250f1f5f4a933b7a62b52e998b0a40c3917,0.2664706119326818,520.8914227937677,500
24,0xafbe2fe7325418ac50337ace4cd86ee0bfa245c7,0.12853607736671804,251.35101392984348,550
25,0x9a4a43a48f6bd53fef42b1565f14d24e1f9f41e8,0.012349151468930992,24.139874308436923,105
26,0x13711b99539d2860aa740c0180a50627d538c28e,0.13776307329244447,269.3378293325923,100
27,0x3255d4b48d108cfd7a6d71d0722ff845f9213a13,0.003423933181920516,6.69416600330462,105
28,0xdf839bbbe062ae73493a6961fc34849b53f1c154,0.08268532271292958,161.65642072959437,1000
29,0xc134041a85edbb3bd9cae36a32486454c1c6e134,0.000450890167465432,0.8815308575099914,4159
30,0x6715fd4994379ff0b1bc3d0bd3d599f83e9ec4be,0.12775844563363156,249.81758700754682,120
31,0x643430283b19fa5bd70a1138b495c2b43523cdd5,0.6039444186102138,1180.7717328248289,200000
32,0xc5614f397051e6db3bfabf9813c6c9b57f232783,0.8607540043851738,1683.1872404951196,1000000
33,0xb8c9d38ba6924095062a92a581326a3ececf62d9,2.4264974269836848,4745.258368209294,20001
34,0x710dc8c61b177687f1e3c085f694896cdc438209,0.25102459623723367,490.77567785745316,12016
35,0xd9f0834e7ca9b9262df3189b850ebf9514027e82,11.189416537846963,21881.239722255872,29990
36,0xcd52e48d1f34a6498af641a5afa66376f85775c7,0.38165113433815884,746.3111601755828,1069996
37,0xfda5bb18e3f47ea9b3d5689c3cd896d4ddd41eca,0.008415123642152123,16.452492384008035,2327
38,0x6a356be9b82e09bcff191baa639cf6012c63addd,0.8006947314945704,1565.8145960688369,4123
39,0xc29d294b9c254d20ba7e20923f31a8fe91d4faeb,8.989105837765706,17577.207664108686,30000
40,0xdeb263240eadf03bffdc6036ce652fe4cec96d2c,0.9994018751356638,1954.2204326215258,1221
41,0x5ebc7a6f0ecbc069065fce49b0ed28b5e6dbdaf8,0.1576086306597689,308.2021011688715,1000
42,0x87a427c0a3508705f7f7d0c8b90e270f4f3d8268,0.08982168001406725,175.6391095331074,1075
43,0xf6c719dc30fd8a3b8f23d075ddc4e4b00fa2736d,8.8376247294233e-05,0.17281533277150793,500
44,0x06aa5e77cf3bec21129ddbf29b531ed742a4109c,0.2291329700468885,448.08556223459374,10154
45,0x70af29f754988473fcaba6e01abfbaff871046d1,2.8508437732373197,5574.083779184537,5000
46,0x874d561afa3e120bf9bd2aad7a435cf0d4656989,0.18890212047428,369.3886514814309,1000
47,0x5811b5d57cb3f803151768fea0d22046b1ebd65c,0.3843293810884871,751.5368882494821,24641
48,0x6a04941de896e4215eeb8e6eb1b72ad2904d2402,1.6394971110801149,3206.15136551494,750000
49,0x6e93ebc8302890ff1d1befd779d1db131ef30d4d,14.307053420021887,27976.7276101818,250000
50,0x1b50adc3c74b4f3a2a4307fe714c853634139e45,1.1041711517732666,2159.118353600481,80000
51,0xcf2e0814ddf1587e06a66b479de3d0b7b151e5b8,0.09129693416364097,178.52658991029173,1015
52,0x5c44368c0ad4c446842738bdbf8f2bbf9876546e,1.3028971730712366,2547.7502770821498,30000
53,0x825ae6fb177186e9551ab1cdd6d4ab10b22a0dba,3.8947659505689134,7615.942182720971,18000
54,0xa1ed36fe9e4a32737472ea0dd632825e73cb2943,0.000539820109630701,1.0555912333773543,500
55,0x308bff328370fc4a9683ab9fcd79a21be6dc5ee4,0.7386544389970647,1444.3944361924202,30281
56,0xf616959cfc26d7d734c28f4437d5b4d25af13b2e,2.777830315902957,5431.9082912324375,3386
57,0xbda0020b6e44db02ca73e65819ad33eea4a2111c,0.024232581805287267,47.38560209114899,3010
58,0xeabdff58088179bca0d8255ea2fbe036e3e5ef3b,0.04752786337806481,92.9492918512138,1011
59,0xe6cc5e3ebb07b5156ba3af510b8c6ca19804d88e,2.973086494076573,5813.692253977094,5000
60,0x96dc89dbe84970ee42a2f0b35fb50599e6745ff8,9.40062293345717,18382.448115228824,20000
61,0xe188e4f2ce31b507d7fae2397ad66c5fe4504ff7,0.20089386559693975,392.86402568406345,2003
62,0x046f601cbcbfa162228897ac75c9b61daf5cee5f,0.032146125340577744,62.85949787472594,600
63,0x18bd2e8b69e48c5e6deae13682b1f78d1c260bf9,0.008196000778553049,16.02686972242156,6000
64,0xda4807e777e2e4a6b2ab075bdc0aef459e708cbe,2.459734323143247,4810.453221084786,30000
65,0x31c039383d787457b75d185d820d4a37ab80dad2,3.165205509174579,6190.382326623275,1500000
66,0x746c7757501193af295797d4f338121cf22a4acd,0.01016815880131922,19.8866816204441,29995
67,0xcdb2de3c7e3523f943904bdaab94e316853601ee,0.5878345524926799,1149.6633043830836,11237
68,0x66b1e927c3d35cbf4de05a29dcd76ae4d8947081,2.4454624106511647,4782.419654141738,988
69,0x193f0ee42a199a0cecd479a9f09ba293eb1ca357,26.168850632876644,51180.514690767486,52597
70,0xb38bfe8f08a059e172a34a2e916379c673c36420,0.00036435770616425,0.712479632941821,5001
71,0x4a2ff57467db1290cf32cf106c96987d5f4eca1a,0.11519539535343858,225.27381124527741,10000
72,0x2a03278590cd1962de28f9abc855cf3774fe3eb6,0.011610103371718193,22.70669187130529,1008
73,0x5f13fbd61bc5dc77758d72f4fbf17ba591f1962f,0.2684696473701065,524.976287253401,19996
74,0xfd9ce48c96617bf6ccc7c37044b1a22638b71e02,34.19946379531711,66874.99948391489,100000
75,0x9f9ebce72c0715cdbad4d589986eb22f6782a1ce,0.2222189245730264,434.6002173552049,3000
76,0x10216d6b520a9e033769393c65c2efd94303684b,0.04048621733572249,79.18010982999255,6333
77,0xb9df1ac065aba19fb4a23328784665b9b19dee31,0.22461649058512675,439.28920913204996,10000
78,0x9d32f1e7c5ff707e92b4b30937a1e5e2c2de2462,1.4602617973502756,2855.950818021722,1100
79,0x16a3b440c18cc022a735f298659c008f9622f799,0.2974033402280299,581.6555047511763,2700
80,0x4c6bb92f83e0e978270e8325181adee3f1d0df7f,0.004699939416488936,9.191859514404072,2954
81,0xef47003f0e276eb0fb60b626e80554dd7adcdd11,11.858258791142287,23191.552465600704,52765
82,0x317379256fddcb3ec5a5eb00b044fd9575038b7f,0.17998247076830476,352.00611667923505,4000
83,0xac5348a948ce281e0507d4fc87e08c28612d8e8d,0.06830380030455244,133.58720655963756,3300
84,0xa337321a3b9909aec6e7053ef8e8fdb24e4614f2,0.46157916506661406,902.7472994539825,5000000
85,0x9859f916c7b46aeae52bee615f93f2f4641bbe6e,0.13067102550684756,255.557244714507,1049
86,0x8d470921050899284b451d6a65f4204eee4aaf8f,0.10200760143831707,199.50340666501737,1668
87,0x07e39e8e9d519e3ae3f7b030ab5e03493cd4b945,0.000172486281765,0.3373452201503517,49990
88,0xee160154b02a2e404c6c13ff0b28ed76010cf07d,0.8295507290819212,1622.4187249238398,500444
89,0x09635f1a9e74772789978b012f132ec97983963e,0.17543466454270468,343.11160821933095,2500
90,0x63eeba70536d2d0778c66abfa854e2023e9ac24e,0.009755735347073614,19.079974519746163,1010
91,0xcc2939843eb9b1739187d79a3aa164f59d6f56de,0.060509012774638056,118.3041963263336,300
92,0x9935eabef41c6f9932579f2eb86bdb77ffd63327,0.014088183783849193,27.53803196045218,1500
93,0xd01a2311ca001241502394d25bc08b0ad8cd2229,0.03167993341314731,61.958980170765244,4481
94,0x3a1b938670eb674a710e767f3ef2b2e0e976984a,0.08482438686252418,165.819800902074,3939
95,0xdd98b9e40f29b6e8126db8a0ec683303b7c6626a,0.007803709474544293,15.255159503407654,1119
96,0xd3aecf9e0856822bd320873e905ae9f78a2977e7,0.14968599593308887,292.5897193904495,3176
97,0xd4e26683635bf3dc9ead5f31b935c33cc1ce1838,9.007864139297341,17609.1132913468,500000
98,0x11d67fa925877813b744abc0917900c2b1d6eb81,33.98480359431389,66437.57224259611,300000
99,0x864b81c40d8314d5c4289a14eb92f03b9f43b6bc,0.7553466227532578,1476.815949476032,200000
100,0x11e2463446ae4df20128044aae992f0d07d4a6ad,0.1395591070401179,272.70965988495357,492
101,0x644be8a25be30a21e2dffeae4fc43937fbcf3efd,1.0587427061781054,2068.867947288512,4500
102,0xb193da6f9f2252be679fd5b020c22ded01f4ec8d,0.785089335651293,1534.7397386912867,200000
103,0xbe3026eca9dd524401ceb3b703d7972497332325,9.09063724763343,17779.286516176508,2000
104,0x33ce1310e0e95bdb74fe3ba755231b0fe1849105,0.032268377947861686,63.08016131515689,2000
105,0x4f9484348af66460fc3d5f79f091b6ff4f0aae5f,0.38443603709297935,751.5186314715816,425
106,0x1a2a24e8ac0bd22c4f9b4fdf34bfcd30820246bc,0.2101403500661188,410.7592408707418,321
107,0xcc3529c09dbeec382804ef0e8ecd18797665eed1,0.018403620800912516,35.97650215887184,1092
108,0xf596f9420234ad8ad4486518113680fbf4054420,0.11933452583777213,233.18921024907374,1000
109,0x8aa4243ef5fe3d6ebe375fa6d47a710266cb0caf,0.06825737442513645,133.42200721506998,149
110,0xdaccce559a0571083556f39d05b177579613d83b,0.05180450163017207,101.23014054548663,111
111,0xba181deb98afc2202202c9aebf26b18f46d70497,0.6444573456520248,1259.3212099917087,10000
112,0xb52e056572e091dfa12beb038d898b27292aa4ec,0.06359816971189342,124.32551804299196,151
113,0xf436f85a9c26fc71afff2e9dd36c0eee66b8e1de,0.6863166269541365,1340.3969619402374,10000
114,0x3edc48974ecc602f5648bffbdbb90e766b19556d,0.49531712784880766,967.1611770088602,20001
115,0x1b87b6ef6de51d272bd30493d0761d9a8de6b3d0,0.21923979624098375,428.08981853810724,1301
116,0x0e2e091221b1d79cce17f240515443dc139c7d90,1.646752955294479,3215.038132269176,10000
117,0x0d9686d3c602a458110f43147bcf33bfc3fef135,0.057804986596951796,112.85556558255884,1100
118,0x2f75ffe98046e4a55fa79daf97b2730d7e707186,0.006511276947153171,12.713984479780752,2003
119,0x22a8ac0570ddc4b99d295b1d71ff0bde265903f3,0.04334640878320076,84.65596981767891,1047
120,0xf07cdab23124d5cf2897ec460d691c610103a96a,0.000224355989739,0.43810442828314006,1110
121,0x9282fe119c18b600053399dd608f374afd0d218e,0.023786029952118405,46.44269920211023,1090
122,0x391891af67e29d97e61e30c3036a0874f5da411e,376.80601089834283,735676.0556779245,50000
123,0xe49464e503b3a5e97765e5e54666dce2a828652d,0.5030074777608592,982.0818597298568,1105
124,0x471eb1312a93c397089fcc569e32ac887fe1856e,0.037296404643102625,72.84099716011872,1099
125,0xd6b01c20918a7ba5d05e81dc59ded322962b4d37,0.19267477014248985,376.20134219861427,2000
126,0xf93f775eeb76e69aa76b6785c2dcf16303fe277d,0.0146776777199779,28.656991534039253,1050
127,0x9b19da8bbd711f15767be282d2c2a5ff8cee2d2c,0.010470298883903476,20.443782085765733,2015
128,0x13be6e4686ff8af227befb921bbfdfc997e0573f,1.0292104788455174,2009.584920469815,4000
129,0xb7f9f538aa1b41ae2853eb63f1939187ffe70eb4,0.17721307501428474,346.04042731889353,30000
130,0x40c0771f1ad6a3bf551cbbe0436716a394847a44,0.000175630778736,0.3429226080976147,1141
131,0x8fa942761e522662bb233f6f520e3c0ae39708a6,0.00015602302653,0.30463807976035556,3500
132,0x5d2ca9c220f66a5f181e53bac510fe1e1a0ba268,1.0585284227504255,2066.617966156793,10990
133,0x6d3c4171d6807378cf6482732873e675d28a8c72,0.10935190710765412,213.50085047512607,10010
134,0x4ae1ac36eda71d31b01dae5c706d1d741509b124,0.000136637259528,0.2667651200120861,1015
135,0xaa0445568a566fcd905b49ed6d91a47edd15519c,0.018838669841990816,36.77986545270919,1123
136,0xf7b10d603907658f690da534e9b7dbc4dab3e2d6,1.5767052952835934,3078.2017479821593,20227
137,0xe5ec967f039833b8606b5588c27e85c33043716c,0.014021215133642125,27.374599790468874,10488
138,0x1750f9f65be225fa3c3914dc77c13d739da8fbee,0.31585604314549215,616.6836557581219,200
139,0x4cf8be01027ad66c4939181a5b8c5b2b281771f0,3.902708012548273,7619.491015378746,990
140,0x84dccfb3f3e044229fa00e216e2829725579d97f,0.811722888094287,1584.9051734618574,1896
141,0xff92318eec032755d443ae6c877ab09fd27fc2f5,3.713763225573341,7250.565633448112,10000
142,0xc7b6c16b6032ac35ed5a512622272215ae860156,3.0819193399019627,6016.985223257597,5095
143,0xbd251f2d6e8132d44d076f12e0520f2bc74b0013,0.11782853747922119,230.05079314518105,1000
144,0xb0ba26dedc9c1ddae319de606c3b1279e26be57e,0.9128012036541591,1782.1256859782704,5035
145,0xc32b7438b3df7844c9ee799930a2224fe6e26426,0.2593993673087176,506.42538479680934,545
146,0xbd121117185485b4fa3368690240b826fbd76fbb,0.17477099090379067,341.2054055414705,1000
147,0xd84b9909a087872efb9b08bae8171625a3ccb653,0.24150219036065096,471.54268676678544,8066
148,0x74a2e6a985b33454d39a0b333f51c3315cafc125,0.08814189382039853,172.0952848464517,1833
149,0xabdb1f94bff885bd8933ac4f8aaacda4326491de,0.41412390979879793,808.6431937077208,10094
150,0xa4b6ed45dcc760abd5679f7c36066fd3fced0ec0,4.252472463274708,8303.717929587257,150592
151,0xf930b0a0500d8f53b2e7efa4f7bcb5cc0c71067e,21.24113584051165,41479.47765799274,75000
152,0x1ccb144b700ec726d37db38c617e154de6d9c0d0,0.15011476436991103,293.18314170029845,400
153,0xbbaca87124b71a3a3cd29846c7a3ce0c493864e2,0.00864304284509444,16.878047637471973,500
154,0xa7a6a13d550180a397817a1bb5e896e5dcae4606,0.9532062459676817,1861.3925609383098,100600
155,0xcd36b622085c508404ddaaca943eb69ad8113ff7,0.1815745537114439,354.57697274217054,1500
156,0x301481d22a64e7dea6c44c68ad3030a4132c81c3,3.4488202749e-05,0.06733959539553246,1000
157,0x4c4b46abe88f996d1b3b4a8fa41876535675ef1e,1.1830196587437936,2310.2481103812297,3000
158,0x1b1d046a1001fd6fd4d11f204c7464989d621d92,1.6021728059512308,3128.707033733504,200000
159,0xd48d664965286ddea41e97784d079de981d099b6,0.012797546613983014,24.991304978718308,10000
160,0xf4dcc8993d097093303e3e50d7a27e36fb1a6eb5,0.03271808864308891,63.89253786399688,50000
161,0x48aa9d67cb713804c005516bca7769c159d7897c,0.07234026228566881,141.2638939835855,10
162,0xd819c62dde216ef3b508d348542b59477efd606f,2.3154419636078836,4521.6413753727475,2
163,0xc1129c95d9f16a17f80efcbde4f1b536c484c1d6,0.5370675777869321,1048.7963072538769,20000
164,0x821e3f3bb33cf667b98339bebe8a3e3c693b6eb4,0.21411528595364795,418.1371773274409,100000
165,0x8edf3624a4bee9cc5e4bc46b4daf872255bf25ac,2.1e-15,4.100922e-12,300
166,0x95f35ca431cf7c5c7eb7cc66071c35f2d516491d,0.03805671818476863,74.32096494303465,5200
167,0xdac71eaad0aee5c4eb45f9284900d7a2b9561327,0.7313376700092333,1428.2000822542313,100000
168,0xf78a149be085ff02bc5de35578d52055a47a619e,0.5818541451608326,1136.332052791848,50000
169,0x14730014eea880f2d52ac0b67442c485242d9b9c,0.8639007746396791,1687.1118227938293,99999
170,0x17d2b1b51fb36ef6f8e397feee9e0c98ad8eab60,0.28778898155713867,562.0720262098008,20
171,0x67ad62e37e5e76f40105fc441f502ba79ca24265,1.1109951265823603,2169.8512518742104,1536
172,0xb5b4e44415fd0bbd21f848dfeaf064dc2fb1e8a1,0.000159803055216,0.31208737668408726,1044
173,0x96a8e25128f088005226be0b7155e133dfa62f73,0.001841009867605222,3.5954002209396183,1002
174,0x357dfdc34f93388059d2eb09996d80f233037cba,8.439976140481354,16487.408990668922,50000
175,0xbefe9091541d2fd2bb2b931536fbee0383c4c4e0,518.3300514111926,1012272.6739034886,50000
176,0xa9d0af4df087c15f67862f1f03582b6755715978,6.092941617282252,11899.210331471373,200000
177,0xf7476db5b717ac661c027e684456115ab1e728c3,0.9328038267176805,1822.2509315695231,37147
178,0x8114e78965b7f7e52e35b2cfbe33973a4ef320cb,0.1897302474420231,370.5242002295269,6469
179,0x942bfcc165f1a54f107a42897454246c670acde7,106.59683038333661,208178.27989713722,730302
180,0x57b18f9302306c4d655802f2be3575147bf7bee3,0.05935705941059741,115.95342198800793,540
181,0x43630db375f1a1943155e3bb9c3ab8fe24091c58,0.07676926789383705,149.93575404541633,1000
182,0x7ee85ec0744fab13ae27d21695338d08e55f0039,0.014917275112148414,29.141493622586413,59
183,0x8e5e01dca1706f9df683c53a6fc9d4bb8d237153,0.5149223967021394,1005.617694639443,450
184,0xe5aedd6520c4d4e0cb4ee78784a0187d34d55adc,1.3408068239068223,2619.3197627749337,1002
185,0xbf8641831d15c2701ba122981c3d7a6a2533ea48,0.07351213644440677,143.60448830141974,514
186,0x634ed8c2df8fbe613ee25debe1a460b4df2487d7,0.009426167139974096,18.414206031282195,24
187,0xb400486a30ae70b7293d4587ada484d88418d751,0.036450195799930196,71.20254147949964,200
188,0x59070f02fa3693bb7af1a41e80cc0ae3f1509e4b,0.5888178189726473,1150.243833006687,2000
189,0x977c827a997e6cb67e70daeaa7145b17d0cb8bda,0.14078557635191216,275.03025482651447,10111
190,0x481787bba8c56f801db8bdb336844b771c011246,0.5676255242876104,1108.8791667168184,1008
191,0x9fa10388d2bb8b7d8a2c8586772876d6302d4cb3,0.15638413370401744,305.494841349461,1500
192,0x1cd7da537c779d127376851fc7680cad5d2a32e7,0.009040512072384632,17.6648893740774,170
193,0x9e2e00aab67c3a7b827eb3e431c4a6c2077510a6,0.03883690955529789,75.86712607808332,200
194,0x8c228d8c83ba1c37dc7d328a943f3d41500d1ef3,18.12097873934616,35407.84882732022,5100
195,0xf67336e671f1588d71c8f1e50a79c2715717e07a,0.029549932439252746,57.747068971436505,3024
196,0x5c466e3ba27381c722b78ab836ff62df14e0bcc9,0.001488617099920472,2.9083856589696224,146
197,0xbf861d09615543c419c749ea8cbeb720e3b3e3ad,3.718367883061617,7265.579292465908,2
198,0x9a608d9f416518b5f11acf3dc5594c90d6998e2c,2.058651557925575,4022.5433846398355,1
199,0x2aee3234eaed102777688544daa54441fb3b47f5,0.02221592093736115,43.40924303397557,54
200,0x9cc30a6b421c4e6be8547b8d694a46adf45e8f87,0.012594544882347312,24.60482882760253,3900
201,0x30bf85e1d0bc7fdedcbeeff39225d8037cb0cb7c,0.5101233347385942,996.8932232128556,1000
202,0x82eb60d17e1b39c97b175777ea1319cd77cfaeda,0.012517955290491116,24.45970909896093,500
203,0xeeda7f71df5a589a9b8c5794aa3d28d66a4ee672,6.178407754553179,12072.423400164276,1537
204,0xe7765e5bb4562245c274194101c1ad1da417a033,0.019003259089054352,37.13293835778487,413
205,0x0c43d79baeba1acb896b4e35f02615eb25c3e4aa,0.011902756101981087,23.25489070668453,1005
206,0xcec771b3ab9204c4eb0b731111658e7c8ba539cf,0.2443410470158683,477.4033113014841,10500
207,0x13ae5042d3abe5371b6b24b73e57ec718222a4da,0.023609603347937946,46.12938740533507,105
208,0x5d0e6a02ffda33516b170015b400eab91f130c9d,0.5183374553273855,1012.6966199713262,101
209,0xeffdc0cfcf0131c39208c14033142b6c2d1a863f,0.4540160461181273,887.02930994283,1100
210,0xf3eab2365c8689d7d429e9cf03c78b29f07907b1,1.3843150938768412,2704.5917715109395,2000
211,0x578dcf77ba084eccdc34723fc32153fbc36abe23,0.03231847149122472,63.148031000848725,1008
212,0x886cf30e5f7c6f69ef1be1173a53a6dd04e76966,0.019550134270078564,38.19959385433461,1
213,0x9e03eb454d58688334fa14e0d46252fa2513a92c,0.132338966156387,258.56916563499516,1022
214,0xac0ea85f1c2f0b07e2862ba1cc4da36150a4faab,0.01007175347740611,19.68292566829044,11
215,0x62d51fa08b15411d9429133ae5f224abf3867729,0.8382109694844782,1638.308486186497,1
216,0x5050dceb1d3c031543548711208701d910a5334a,0.039274432123441234,76.76148484094466,60
217,0xbedd3062a3bde463b22d01bb985401729d556a8d,0.004329459913812268,8.460284206778828,20
218,0xd2dc3adde00faf9f89b40a71071837410e321727,0.01940592330288916,37.928683036263834,101
219,0x10fa00823d930bd4ab3592cded68d830da652d22,0.7887485853498387,1541.6327725238202,10
220,0xda90f94194f093db4f27e10a4d0289cee9602459,0.038813204042303116,75.84643454722621,100
221,0x94ddee5ff016be756882ab37714013e9b199ccc6,0.11440035898428595,223.5852056024783,3018
222,0xf2f7ad044dfbaa417249c8568788d7aa1e6f155b,0.11829281405118475,231.20685384746213,510
223,0x4ab3d7f4c46e511ca09eecdac483e43ed96bd7aa,0.002522662635914141,4.929585510092541,102
224,0x91831208ef824bbb986996312f2f0d92cca7bb90,0.20832907614261162,407.1604297038816,50
225,0x15d67fc9deec198977688c7a25a8db2ca2b477ac,0.004178146087567812,8.165810495003408,10
226,0x32a59b87352e980dd6ab1baf462696d28e63525d,5.109368876282336,9985.801625494962,2027
227,0xc93505a56396456b49e20ddb46a01b780aa87990,0.009383287628071968,18.338791173180137,100
228,0x364f4b2eee8920b6e476dfd4e531b6fd6bfc14cf,0.013982414782372702,27.327371274817033,500
229,0x6b820d74b6d0b9ed0a8ebbffaecdc32a854e952e,0.02059316628760468,40.24790198748322,12
230,0xd88f8e62c6a0a193d9f920c04b3a7c778ef32381,0.22630256671651788,442.2879994164297,100
231,0xb6943c2e791fba7abc45f208b8e78860069c228c,0.00492907953963848,9.633393052269446,20
232,0xc385e224391c6776f4bcba5c65aca3ae9cb540db,9.3981869090536e-05,0.18367816495054357,9
233,0xfa08cd18766a40600f59725792ec42efb5ce391a,0.005750045329241035,11.237946091921971,10
234,0x61d656c068b93202ecf787a2872c58b39a277b9b,0.01453086613450455,28.399124773275695,105
235,0x0b7487924eaefbb690a6355565b928713d37223a,0.000879348355361827,1.7186072192027084,10
236,0x42492200015c883f24cf5e631208d1081d128666,0.033985992066873895,66.42222289549834,105
237,0x694da39965a6a817ce47b7d3efa622b992b382f6,0.02123394146513292,41.49218331994298,105
238,0x98e073b579fd483eac8f10d5bd0b32c8c3bbd7e0,2.7820040741728445,5436.119421055963,100
239,0x71eeaeb679b69d0773adb1923566c8390b10917a,0.04224394688070392,82.56156978364774,101
240,0xb2b8de16675ef164e51910bdf15e62f2f80f7f4c,0.06814764655624499,133.1625458002994,10
241,0xefd52a9e454feb9ad8edca588c7a9703d67cdff7,0.011241348101227061,21.970203142519182,1111
242,0x184f44a581a3fdf67e834cf2a0f193cbdd08a3b9,0.10806482645612747,211.16299348833132,10
243,0xda6c2d0f44352d9f4b8ebb00606657310ea4e26b,0.10219674566599984,199.7077705432136,10
244,0x40276ba5efdfbbf749557f6b2a094abd78197164,0.21062599303886823,411.5758279575308,122
245,0xc062eeca3891539f75054b1060997aa3459b7390,0.23146067965836178,452.36906693109887,122
246,0xdc09eb652d4568c3e22d176bce8f5efb12af7716,0.16435940678725794,321.18950914959163,196
247,0xf55f8884203632eb007f239758d1b25cd173458b,0.16114187902402485,314.87928870689575,61
248,0xf06f09c65635ea3db2f6255cabefcc11d28f2ef2,0.1961052423175387,383.19552664574013,122
249,0xd37f7b32a541d9e423f759dff1dd63181651bd04,0.9907312254430276,1936.0374241994925,100000
250,0xe5214a481f2c2bbd501c14dfa66254a8a907cf39,0.03545099329025462,69.27336794875494,1200
251,0xae52ed1bacbf48cd32db52c134ecd24c1d21bc22,0.007694944141443645,15.037228992884929,30
252,0xe1912df4cff0dfbf051a65936c2bd23096a7ca5c,0.01780113500082777,34.784129837017495,30
253,0xc10898eda672fdfc4ac0228bb1da9b2bf54c768f,0.043322680952929064,84.64342081902328,104
254,0x3524ff8d740a4f1be13f2cdd2f2345e54dc0c6b0,0.05654890260648711,110.4999486272322,732
255,0x716722c80757fff31da3f3c392a1736b7cfa3a3e,0.23675078401471578,462.65601461371745,100
256,0x5701068ca0ba0338a5b64e8f59d5ae661e9ecfc0,0.00010909582122167,0.21315032454468663,259
257,0xa5a5de531f63b636443e484c06f60640c2f98d3a,0.037334907493749334,72.94083542146313,30
258,0xab93bf0635ccf8e6e1e136922f1c793c3f4f6014,0.07466205912518753,145.87547773938263,8
259,0xaec9bb8e36fddcbc644b3a77216327834ceb9e15,0.00359936448006681,7.033842073301759,54
260,0x37b3805388479f7b47940b8c190c9e32efd82fb5,0.17980539047422814,351.3325407710228,107
261,0x3f60008dfd0efc03f476d9b489d6c5b13b3ebf2c,0.32357063672671577,632.2440813385335,1000
0,0xca1af846c9194e82561dd9a93ffc9a9c851b3b1c,0.14496366036749592,274.1857168556855,1260000.0
1,0x5584cf54ade7c81ab6d6bc870c714f87fc0a7721,0.13036526767043782,246.5454905656553,4500.0
2,0x5a756d9c7caa740e0342f755fa8ad32e6f83726b,0.13604551974887596,257.28656603867927,90.9
3,0x82bbf2b4dc52d24cbe0cbb6540bd4d4ceb2870b7,0.04857292713745215,91.86014834380676,1800.0
4,0xc4676e5e99b823e54b3e6c32c8143bb441633eea,0.046118571071906075,87.22682058256026,468.0
5,0x236884bb674067c96fcbcc5dff728141e05be99d,0.30322486001294446,573.4558230078804,994.5
6,0xe400820f3d60d77a3ec8018d44366ed0d334f93c,0.5061109493104673,957.172210664435,90.0
7,0x543298794e7e195c8628f65d16fb7fcf7d096cb0,0.630969215855425,1193.3016004100969,9002.7
8,0x7d51910845011b41cc32806644da478feff2f11f,0.2976912343262817,562.9996161825504,91269.0
9,0x6a04941de896e4215eeb8e6eb1b72ad2904d2402,1.6357159952965072,3093.4333759848487,1125000.0
10,0xbbf6507bcab4128ab99aa89b3ee750880ff5d56b,0.39436775885306236,745.824361865323,18000.0
11,0xdd4a19dc351ba42421db282196af38b433aa86ba,0.38008617928199534,718.811380534524,904.5
12,0xf977bf5f5ccb1bfd868bd95d563294494f0d5d89,0.3588036940508703,678.605426558411,903.6
13,0xe1d1c5f48f708aa038aa6a9976308cd1d19d951a,0.31954291193002726,604.3515093332605,904.5
14,0xfb28bb6cfcf19cb8784472226ccd13f2e5224000,0.04695197322509993,88.8002669606315,4500.0
15,0xeeec0e4927704ab3bbe5df7f4effa818b43665a3,3.628218805695359,6862.050227211632,3746.7
16,0x9497243478392b1f7f508874f606379f989c6eea,0.3408370478010552,644.9080032558106,992.7
17,0x05ac3d28434804ec02ed9472490fc42d7e9e646d,0.3114563484693772,589.0511627331637,904.5
18,0x61d9e931a72c9fb3eb9731dcc5a30f1f6c3ab63f,0.31721883632523773,600.231965529525,903.6
19,0x03894d4ac41dd6c4c2f524ed4417c90fa46972c6,0.9308745525157947,1760.5630411731224,1800.0
20,0xab7b49bacd43bd4cfa41433d477f690bb9e1fb26,0.1445196945737097,273.40958417927266,1350.0
21,0xd43ca531907f8c8dbb3272cc2ef321cc572e56e3,0.2902123255972325,549.1310561253154,1606.5
22,0x8b600c7ef1d97225860a7996b63c5b8b116182d5,0.5171113454793993,978.0126877051879,9000.0
23,0x40db5c12aa263660a6188a8e16fcdf9c5235e5bf,0.0905769447504008,171.30817560643302,89964.0
24,0x01ebce016681d076667bdb823ebe1f76830da6fa,0.27754709293529234,525.2578733800408,4500.0
25,0xb98cc80fd75333dc20a9d122d98b5638aaf4ffc3,0.21362382517968698,404.2830891525576,912933.9
26,0xc2ac36c669fbf04dd2e1a2ed9ce5ccc442977305,0.7857715711757218,1487.1434178914594,202.5
27,0x4953b5f3980f0fe8584f84c9a1ad93013ebe29c6,0.014153475124240747,26.780922560585857,867.6
28,0xb26d1fe1328172b38708d7f334dd385b6d6fb4aa,0.2778862232190289,525.866331095226,4500.0
29,0xee15f56c09dd300dc039de1901bccca32a23a253,0.073970840445557,139.9964729188567,1482126.3
30,0x605d50f68e737ebf7f6054d6f7860010fc80971f,2.531090151311124,4790.3159094699195,4427.1
31,0x49eb81cc817cd5a1e8df590f43d5a0a0f432251a,0.17547401681947153,332.0196514446267,267.3
32,0x641f2f8cd5fb6cb50a49c22247b065cd893a1fc7,0.12667426572093834,239.72724764890418,343.8
33,0x5a641c6fd5a473395355816ebc757b067ccaabe5,0.05201875888576,98.43769837746792,94.5
34,0xcd5561b1be55c1fa4bba4749919a03219497b6ef,0.08597306934972858,162.70145455228084,383.4
35,0xd8742073f4f44d0046916a9b62a955a36e0c0e5f,0.17579878465068496,332.6991999514213,901.8
36,0x111ce8d46cd445f5ab1ce3545d97b45071dfecc0,0.18255128262629092,345.4947319856919,13500.0
37,0x046f601cbcbfa162228897ac75c9b61daf5cee5f,0.026590658379020558,50.31431197161512,463.5
38,0x9cbddd3a8320583bfa7fa78c02a7f7226805f7ab,0.7544719426663635,1427.747614862973,3610.8
39,0xc134041a85edbb3bd9cae36a32486454c1c6e134,0.000450890167465432,0.8532961152233061,108.0
40,0x520cc7572527711b8c50bcefe1d881f8ddb5fe8c,0.06748954182262691,127.7205834222303,1.8
41,0x19fde20744903805ba05e1522980ffff3545c1ec,0.008831657336384068,16.713646559386756,90.9
42,0xcfaf3e19dca4b4cb0fb1399abb7ec074abe39114,0.003236110806210729,6.124274978537681,9.0
43,0xc0555149b5a5d96ac016d3425b7986504190c3a0,0.01179561578807925,22.32332083509786,90.9
44,0xa4bd35e96887170a2d484e894078a5cb1ab93a45,0.0162963443130229,30.83512789188628,118.8
45,0x1efb3038de631cfce0c0a231952c6b90d5d9cfe5,1.0293105948301788,1947.9805938220618,900.0
46,0x276651cf20ef719dd3fae29e75f63e1603507517,0.11188958545148232,211.68614450736845,657.9
47,0x8e1fd9d5eac794555594b9b9f700bc37da6aeab1,0.03950333841938216,74.76046299206493,1980.0
48,0x9b818ad72e4b3cd03bcbe4848a44b274618c4cbe,0.042180023528239054,79.78899790672284,1800.0
49,0xcb630c28658d8b4f0509d628d8d947e6f95ea20a,0.01873022392978686,35.43458683932797,270.0
50,0xc2a622b764878faf9ab9078ad31303b24fd4b707,0.018767671595004833,35.5168801099669,569.7
51,0x644be8a25be30a21e2dffeae4fc43937fbcf3efd,1.03822530233122,1964.810237902764,454.5
52,0x88888882bb6125af160999e91bca82b56e0b819b,0.053069033470981596,100.43208446316325,2250.0
53,0x0aa3dceb1e65b8f7d3a58bed68054b1c81585002,0.05211129337362536,98.62114382251974,920.7
54,0x987f05b5eeb8b30b02329d3888bebc3a7424e999,0.9577413395339542,1812.1902755991716,7200.0
55,0x7a86c44e1b41c6c37ff783e8f6b2f6c68ab251f4,1.0571912058457513,1999.8146007139987,539.1
56,0xde3258c1c45a557f4924d1e4e3d0a4e5341607ee,69.15815072113291,130758.69873146042,225000.0
57,0x1a918a8386f75f382e2a1b2e10b807c39728caf2,0.5676968326984057,1073.3557555195296,45.0
58,0x60c42ecb80c2069eb7ac1ee18a84244c8617e8ab,0.04584778209897203,86.68531857016839,330.3
59,0x78b8a76bea31733777556033e2a116df66c4c41c,0.273456078184729,517.3570234392525,1809.0
60,0xdd32231c664f6e3456e81ec6c27c6f429c7dc3b3,0.014928890694096052,28.229487280187048,88.2
61,0x7ba080516dbabe9fafc1f7f548f60d27e6932c48,0.0620035624463304,117.25245679975757,90.0
62,0x040528e6ebdcbc6e37e3c78350de0a59aedce622,0.0,0.0,233.1
63,0x72770a19522acd2025b74dc130502f81a73f875c,0.025824288684471938,48.83166395924168,2337.3
64,0x6f9bb7e454f5b3eb2310343f0e99269dc2bb8a1d,1.490232035292314,2818.1181926598833,21482.1
65,0x8fa1f8787bf4c3fc37b4dd48f472aef08c279e42,0.010165083029263958,19.221460452526095,2574.9
66,0xc887b3406424838ae65456860278a5e6e40fcb08,0.05518084270364128,104.3431108935964,90.9
67,0x18bd2e8b69e48c5e6deae13682b1f78d1c260bf9,0.008196000778553049,15.498637472243814,1019.7
68,0x70f9e695823a748d0f492c86be093c220a8d487a,0.030310013495366543,57.31714482014299,13.5
69,0x3524ff8d740a4f1be13f2cdd2f2345e54dc0c6b0,0.05654890260648711,106.93001640568467,1836.9
70,0x60ee0c8bb493b79286a54997322904f74fba3736,1.5213302657390133,2876.881172420446,9.0
71,0x9c27c3aa042a608f67d19bda36b099a062185a65,0.0790269614277598,149.43682298143668,900.0
72,0xabc42ca4eab3c98543c1c15ca89280888ba6109d,0.1422849523105303,269.0764961639669,93.6
73,0xc88d7dc8dfa23d3769f7e8241f761d09a10d9831,0.6027583877256131,1139.834193940766,900.0
74,0x7df953d6be5fd9532a7e829cdfb72d2a9ab27000,0.041105330586773965,77.73141329950717,900.0
75,0x8dc4310f20d59ba458b76a62141697717f93fa41,0.2527409691771863,477.9407549431346,3222.0
76,0x89768ca7e116d7971519af950dbbdf6e80b9ded1,1.8828178192767282,3560.559121677835,1337.4
77,0xe45c950efb371c331ffef421b5c8787c74830479,0.023390398415958268,44.229606076687965,108.0
78,0xfc0591893b0bdb4322d25bdd43904aa9ab137140,0.006880712680439098,13.008193743750528,92.7
79,0x2d220b4783a291abb2db3618bc4d94c632e16206,0.021942728671247632,41.48338683485378,900.0
80,0x09d1e14bc93217b9f2d083509e94dee161ffd9ac,0.09274662787520689,175.39222050852499,94.5
81,0xde0634a1f956df8580f18c955b3e9ee957e552c6,0.1461667008716766,276.41730968543635,5040.9
